Title,Sales Rank: 30 days avg.,Sales Rank: 90 days avg.,Buy Box: Current,Buy Box: Stock,New: Current,New: Highest,"New, 3rd Party FBM ðŸšš: 30 days avg.",Lowest FBM Seller,"Count of retrieved live offers: New, FBM",ASIN,Product Codes: EAN,Product Codes: UPC,Parent ASIN,Brand,Prime Eligible (Buy Box),Custom_SKU,Google_Search_Link,Match,Amazon_link,Extraction_Link,Store,Price,Min Price,Max Price,Amazon_List_price,Can_List
"Steve Madden Women's Hadyn Sandal, Light Green Leather, 9",283423.0,283423.0,,,121.14,$121.14 ,$121.14 ,A1195MQ583AB5O,1.0,B0C5S582GH,0197369613719,197369613719,B0CYLZYHCZ,Steve Madden,no,GB197369613719,https://www.google.com/search?q=197369613719+Steve+Madden+Women%27s+Hadyn+Sandal%2C+Light+Green+Leather%2C+9&tbm=shop,Y,https://www.amazon.com/dp/B0C5S582GH?psc=1,"https://www.google.com/shopping/product/428968790038274369/offers?q=197369613719&prds=cid:428968790038274369,cond:1",Zappos.com,69.95,118.92,132.21,120.14,Y
"Steve Madden Women's Hadyn Sandal, Light Green Leather, 7.5",324871.0,324871.0,,,121.14,$121.14 ,$121.14 ,A1195MQ583AB5O,1.0,B0C5S4PZ94,0197369613658,197369613658,B0CYLZYHCZ,Steve Madden,no,GB197369613658,https://www.google.com/search?q=197369613658+Steve+Madden+Women%27s+Hadyn+Sandal%2C+Light+Green+Leather%2C+7.5&tbm=shop,Y,https://www.amazon.com/dp/B0C5S4PZ94?psc=1,"https://www.google.com/shopping/product/7262752575592804270/offers?q=197369613658&prds=cid:7262752575592804270,cond:1",Zappos.com,69.95,118.92,132.21,120.14,Y
"Steve Madden Women's Possession Sneaker, Black Multi, 6.5",4460.0,3967.0,68.99,6.0,68.99,$104.95 ,,-,0.0,B0BMJH6DFG,0196829420331,196829420331,B0CFG8SG2Z,Steve Madden,yes,GB196829420331,https://www.google.com/search?q=196829420331+Steve+Madden+Women%27s+Possession+Sneaker%2C+Black+Multi%2C+6.5&tbm=shop,Y,https://www.amazon.com/dp/B0BMJH6DFG?psc=1,"https://www.google.com/shopping/product/13066187186077318607/offers?q=196829420331&prds=cid:13066187186077318607,cond:1",6pm.com,39.99,67.98,75.58,67.99,Y
"Steve Madden Women's Possession Sneaker, Black Multi, 8",4685.0,4035.0,99.95,25.0,99.95,$104.95 ,,-,0.0,B0BMJRYDVK,0196829420362,196829420362,B0CFG8SG2Z,Steve Madden,yes,GB196829420362,https://www.google.com/search?q=196829420362+Steve+Madden+Women%27s+Possession+Sneaker%2C+Black+Multi%2C+8&tbm=shop,Y,https://www.amazon.com/dp/B0BMJRYDVK?psc=1,"https://www.google.com/shopping/product/13066187186077318607/offers?q=196829420362&prds=cid:13066187186077318607,cond:1",6pm.com,39.99,67.98,75.58,98.95,Y
"Steve Madden Women's Possession Sneaker, Lilac, 9.5",4608.0,4003.0,99.95,1.0,99.95,$99.95 ,$99.95 ,-,0.0,B0B6GQM3J3,0196829359167,196829359167,B0CFG8SG2Z,Steve Madden,yes,GB196829359167,https://www.google.com/search?q=196829359167+Steve+Madden+Women%27s+Possession+Sneaker%2C+Lilac%2C+9.5&tbm=shop,Y,https://www.amazon.com/dp/B0B6GQM3J3?psc=1,"https://www.google.com/shopping/product/13066187186077318607/offers?q=196829359167&prds=cid:13066187186077318607,cond:1",6pm.com,39.99,67.98,75.58,98.95,Y
"Steve Madden Women's Possession Sneaker, Black Multi, 9",4639.0,4033.0,99.95,7.0,99.95,$127.95 ,,-,0.0,B0BMJ61R2W,0196829420386,196829420386,B0CFG8SG2Z,Steve Madden,yes,GB196829420386,https://www.google.com/search?q=196829420386+Steve+Madden+Women%27s+Possession+Sneaker%2C+Black+Multi%2C+9&tbm=shop,Y,https://www.amazon.com/dp/B0BMJ61R2W?psc=1,"https://www.google.com/shopping/product/13066187186077318607/offers?q=196829420386&prds=cid:13066187186077318607,cond:1",6pm.com,39.99,67.98,75.58,98.95,Y
"Steve Madden Women's Possession Sneaker, Black, 9.5",4690.0,4082.0,,,,$188.00 ,$99.44 ,-,,B09GWD2VDH,0195945873762,195945873762,B0CFG8SG2Z,Steve Madden,yes,GB195945873762,https://www.google.com/search?q=195945873762+Steve+Madden+Women%27s+Possession+Sneaker%2C+Black%2C+9.5&tbm=shop,Y,https://www.amazon.com/dp/B09GWD2VDH?psc=1,"https://www.google.com/shopping/product/14487886541932180104/offers?q=195945873762&prds=cid:14487886541932180104,cond:1",Steve Madden,109.95,186.91,207.81,207.81,Y
"Steve Madden Women's Possession Sneaker, Black Multi, 7.5",4731.0,4058.0,99.95,3.0,99.95,$99.96 ,,-,0.0,B0BMJHVQ6M,0196829420355,196829420355,B0CFG8SG2Z,Steve Madden,yes,GB196829420355,https://www.google.com/search?q=196829420355+Steve+Madden+Women%27s+Possession+Sneaker%2C+Black+Multi%2C+7.5&tbm=shop,Y,https://www.amazon.com/dp/B0BMJHVQ6M?psc=1,"https://www.google.com/shopping/product/13066187186077318607/offers?q=196829420355&prds=cid:13066187186077318607,cond:1",6pm.com,39.99,67.98,75.58,98.95,Y
"Sneakers, turquoise, 8.5 US",4655.0,4074.0,176.27,3.0,176.27,$179.47 ,$176.27 ,A35T3I43XUSHP7,1.0,B0C6CFW9VZ,0196361819136,196361819136,B0CFG8SG2Z,Steve Madden,no,GB196361819136,https://www.google.com/search?q=196361819136+Sneakers%2C+turquoise%2C+8.5+US&tbm=shop,Y,https://www.amazon.com/dp/B0C6CFW9VZ?psc=1,"https://www.google.com/shopping/product/7934772901310052528/offers?q=196361819136&prds=cid:7934772901310052528,cond:1",Walmart,49.98,84.97,94.46,175.27,Y
"Steve Madden Maxima Sneakers Women Lace Up Rhinestone Chunky Low Top Knit Runner (White/Silver, 6)",8226.0,7518.0,,,99.95,$99.99 ,$73.08 ,A1G9RBEK6CB71F,1.0,B0B53JYJ38,0196361639680,196361639680,B08YZ1SM97,Steve Madden,yes,GB196361639680,https://www.google.com/search?q=196361639680+Steve+Madden+Maxima+Sneakers+Women+Lace+Up+Rhinestone+Chunky+Low+Top+Knit+Runner+%28White%2FSilver%2C+6%29&tbm=shop,Y,https://www.amazon.com/dp/B0B53JYJ38?psc=1,"https://www.google.com/shopping/product/9739411991693552592/offers?q=196361639680&prds=cid:9739411991693552592,cond:1",Steve Madden,51.98,88.37,98.24,98.95,Y
"Steve Madden Maxima Sneakers Women Lace Up Rhinestone Chunky Low Top Knit Runner (White/Silver, 9.5)",8170.0,7522.0,,,99.95,$99.99 ,$72.76 ,A1G9RBEK6CB71F,1.0,B0B53XC87R,0196361639758,196361639758,B08YZ1SM97,Steve Madden,yes,GB196361639758,https://www.google.com/search?q=196361639758+Steve+Madden+Maxima+Sneakers+Women+Lace+Up+Rhinestone+Chunky+Low+Top+Knit+Runner+%28White%2FSilver%2C+9.5%29&tbm=shop,Y,https://www.amazon.com/dp/B0B53XC87R?psc=1,"https://www.google.com/shopping/product/9739411991693552592/offers?q=196361639758&prds=cid:9739411991693552592,cond:1",Steve Madden,51.98,88.37,98.24,98.95,Y
"Steve Madden Women's Maxima Sneaker, Magenta, 10",8177.0,7525.0,,,,$109.95 ,,-,,B09C2M3V4V,0195945654866,195945654866,B08YZ1SM97,Steve Madden,yes,GB195945654866,https://www.google.com/search?q=195945654866+Steve+Madden+Women%27s+Maxima+Sneaker%2C+Magenta%2C+10&tbm=shop,Y,https://www.amazon.com/dp/B09C2M3V4V?psc=1,"https://www.google.com/shopping/product/10230105624697089049/offers?q=195945654866&prds=cid:10230105624697089049,cond:1",Steve Madden,51.98,88.37,98.24,98.24,Y
"Steve Madden Women's Maxima Sneaker, Grey Multi, 7",8179.0,7553.0,99.95,21.0,99.95,$175.00 ,$89.76 ,A1G9RBEK6CB71F,1.0,B08VWH77P7,0195189802580,195189802580,B08YZ1SM97,Steve Madden,yes,GB195189802580,https://www.google.com/search?q=195189802580+Steve+Madden+Women%27s+Maxima+Sneaker%2C+Grey+Multi%2C+7&tbm=shop,Y,https://www.amazon.com/dp/B08VWH77P7?psc=1,"https://www.google.com/shopping/product/14517343217023071203/offers?q=195189802580&prds=cid:14517343217023071203,cond:1",Steve Madden,51.98,88.37,98.24,98.95,Y
"Steve Madden Women's Maxima Sneaker, Charcoal, 10",8070.0,7440.0,94.49,1.0,81.2,$183.99 ,$94.49 ,A24V851RG6UNB7,1.0,B08W9LBV98,0195945116128,195945116128,B08YZ1SM97,Steve Madden,no,GB195945116128,https://www.google.com/search?q=195945116128+Steve+Madden+Women%27s+Maxima+Sneaker%2C+Charcoal%2C+10&tbm=shop,Y,https://www.amazon.com/dp/B08W9LBV98?psc=1,"https://www.google.com/shopping/product/8024092600761680853/offers?q=195945116128&prds=cid:8024092600761680853,cond:1",Steve Madden,51.98,88.37,98.24,93.49,Y
"Steve Madden Maxima Sneakers Women Lace Up Rhinestone Chunky Low Top Knit Runner (White/Silver, 7.5)",8345.0,7532.0,,,99.95,$99.99 ,$64.06 ,A1G9RBEK6CB71F,1.0,B0B53RSQL5,0196361639710,196361639710,B08YZ1SM97,Steve Madden,yes,GB196361639710,https://www.google.com/search?q=196361639710+Steve+Madden+Maxima+Sneakers+Women+Lace+Up+Rhinestone+Chunky+Low+Top+Knit+Runner+%28White%2FSilver%2C+7.5%29&tbm=shop,Y,https://www.amazon.com/dp/B0B53RSQL5?psc=1,"https://www.google.com/shopping/product/14517343217023071203/offers?q=196361639710&prds=cid:14517343217023071203,cond:1",Steve Madden,51.98,88.37,98.24,98.95,Y
"Steve Madden Women's Maxima Sneaker, Iridescent, 7",8129.0,7486.0,,,99.95,$99.95 ,$43.71 ,A1LEM297LNF1FK,1.0,B0B53PJ3CK,0196361572475,196361572475,B08YZ1SM97,Steve Madden,no,GB196361572475,https://www.google.com/search?q=196361572475+Steve+Madden+Women%27s+Maxima+Sneaker%2C+Iridescent%2C+7&tbm=shop,Y,https://www.amazon.com/dp/B0B53PJ3CK?psc=1,"https://www.google.com/shopping/product/10230105624697089049/offers?q=196361572475&prds=cid:10230105624697089049,cond:1",Steve Madden,51.98,88.37,98.24,98.95,Y
"Steve Madden Women's BIGMONA Sandal, Natural Raffia, 5.5",904650.0,904650.0,99.95,5.0,99.95,$99.95 ,,-,0.0,B0CV4JNW9M,0197369873175,197369873175,B0CGTLPHB3,Steve Madden,yes,GB197369873175,https://www.google.com/search?q=197369873175+Steve+Madden+Women%27s+BIGMONA+Sandal%2C+Natural+Raffia%2C+5.5&tbm=shop,Y,https://www.amazon.com/dp/B0CV4JNW9M?psc=1,"https://www.google.com/shopping/product/15929131312521874506/offers?q=197369873175&prds=cid:15929131312521874506,cond:1",Steve Madden,44.97,76.45,84.99,98.95,Y
"Steve Madden Women's BIGMONA Sandal, Natural Raffia, 6.5",20519.0,162358.0,99.95,,99.95,$99.95 ,$99.95 ,"A2WU6JHR5PVKH1, A1LEM297LNF1FK",4.0,B0CGSNJCWW,0197369873212,197369873212,B0CGTLPHB3,Steve Madden,yes,GB197369873212,https://www.google.com/search?q=197369873212+Steve+Madden+Women%27s+BIGMONA+Sandal%2C+Natural+Raffia%2C+6.5&tbm=shop,Y,https://www.amazon.com/dp/B0CGSNJCWW?psc=1,"https://www.google.com/shopping/product/15929131312521874506/offers?q=197369873212&prds=cid:15929131312521874506,cond:1",Steve Madden,44.97,76.45,84.99,98.95,Y
"Steve Madden Women's BIGMONA Sandal, Natural Raffia, 9.5",20205.0,92867.0,99.95,90.0,99.0,$99.95 ,$99.95 ,"A1EICGAHOS3FI3, A2WU6JHR5PVKH1, A1LEM297LNF1FK",5.0,B0CGSXZGZ2,0197369873304,197369873304,B0CGTLPHB3,Steve Madden,yes,GB197369873304,https://www.google.com/search?q=197369873304+Steve+Madden+Women%27s+BIGMONA+Sandal%2C+Natural+Raffia%2C+9.5&tbm=shop,Y,https://www.amazon.com/dp/B0CGSXZGZ2?psc=1,"https://www.google.com/shopping/product/15929131312521874506/offers?q=197369873304&prds=cid:15929131312521874506,cond:1",Steve Madden,44.97,76.45,84.99,98.95,Y
"Steve Madden Women's Mona Sandal, Raffia, 8.5",21787.0,232804.0,89.0,48.0,89.0,$89.95 ,$89.95 ,AI77OCBJLOQRT,2.0,B0C2QX3ZPG,0197369470619,197369470619,B0C5PR61G5,Steve Madden,yes,GB197369470619,https://www.google.com/search?q=197369470619+Steve+Madden+Women%27s+Mona+Sandal%2C+Raffia%2C+8.5&tbm=shop,Y,https://www.amazon.com/dp/B0C2QX3ZPG?psc=1,"https://www.google.com/shopping/product/15929131312521874506/offers?q=197369470619&prds=cid:15929131312521874506,cond:1",Steve Madden,44.97,76.45,84.99,88.0,Y
"Steve Madden Women's Campo Sneaker, Blue, 9",17968.0,15532.0,,,,$135.42 ,$74.36 ,-,,B0C5JY4ZCK,0197369558898,197369558898,B0BM6F9MLG,Steve Madden,yes,GB197369558898,https://www.google.com/search?q=197369558898+Steve+Madden+Women%27s+Campo+Sneaker%2C+Blue%2C+9&tbm=shop,Y,https://www.amazon.com/dp/B0C5JY4ZCK?psc=1,"https://www.google.com/shopping/product/4891230574848366057/offers?q=197369558898&prds=cid:4891230574848366057,cond:1",Steve Madden,44.98,76.47,85.01,85.01,Y
"Steve Madden Women's Starling Sneaker, Black/White Leopard, 6 M US",16692.0,13120.0,75.96,12.0,75.96,$83.95 ,,-,0.0,B0B643QCVV,0196829272084,196829272084,B0C62Q82KM,Steve Madden,yes,GB196829272084,https://www.google.com/search?q=196829272084+Steve+Madden+Women%27s+Starling+Sneaker%2C+Black%2FWhite+Leopard%2C+6+M+US&tbm=shop,Y,https://www.amazon.com/dp/B0B643QCVV?psc=1,"https://www.google.com/shopping/product/7297169127185202676/offers?q=196829272084&prds=cid:7297169127185202676,cond:1","Walmart - BHFO, Inc.",36.99,62.88,69.91,74.96,Y
"Steve Madden Women's Starling Sneaker, Black/White Leopard, 9.5 M US",16274.0,12854.0,75.95,6.0,75.95,$79.96 ,,-,0.0,B0B63Z82G8,0196829272220,196829272220,B0C62Q82KM,Steve Madden,yes,GB196829272220,https://www.google.com/search?q=196829272220+Steve+Madden+Women%27s+Starling+Sneaker%2C+Black%2FWhite+Leopard%2C+9.5+M+US&tbm=shop,Y,https://www.amazon.com/dp/B0B63Z82G8?psc=1,"https://www.google.com/shopping/product/11415037976833960352/offers?q=196829272220&prds=cid:11415037976833960352,cond:1","Walmart - BHFO, Inc.",36.99,62.88,69.91,74.95,Y
"Steve Madden Women's Starling Sneaker, Pink/Leopard, 9 M US",16095.0,12741.0,75.95,1000.0,75.95,$83.95 ,,-,0.0,B0B641X3KV,0196829272213,196829272213,B0C62Q82KM,Steve Madden,yes,GB196829272213,https://www.google.com/search?q=196829272213+Steve+Madden+Women%27s+Starling+Sneaker%2C+Pink%2FLeopard%2C+9+M+US&tbm=shop,Y,https://www.amazon.com/dp/B0B641X3KV?psc=1,"https://www.google.com/shopping/product/10742729458669166594/offers?q=196829272213&prds=cid:10742729458669166594,cond:1","Walmart - BHFO, Inc.",36.99,62.88,69.91,74.95,Y
"Steve Madden Women's Lilah Heeled Sandal, Black Rhinestone, 6.5",30090.0,29559.0,,,133.0,$133.00 ,,-,0.0,B097NQ58YF,0195945563731,195945563731,B0C7JLPTTK,Steve Madden,yes,GB195945563731,https://www.google.com/search?q=195945563731+Steve+Madden+Women%27s+Lilah+Heeled+Sandal%2C+Black+Rhinestone%2C+6.5&tbm=shop,Y,https://www.amazon.com/dp/B097NQ58YF?psc=1,"https://www.google.com/shopping/product/9091151278233633711/offers?q=195945563731&prds=cid:9091151278233633711,cond:1",Steve Madden,37.98,64.57,71.78,132.0,Y
"Steve Madden Women's Plus-Size Chevron Puffer Jacket, Black a, 2X",40718.0,27194.0,,,,$104.99 ,,-,,B0751XKNH3,0190596722889,190596722889,B077SQK8WC,Steve Madden,yes,GB190596722889,https://www.google.com/search?q=190596722889+Steve+Madden+Women%27s+Plus-Size+Chevron+Puffer+Jacket%2C+Black+a%2C+2X&tbm=shop,Y,https://www.amazon.com/dp/B0751XKNH3?psc=1,"https://www.google.com/shopping/product/18175560854193437627/offers?q=190596722889&prds=cid:18175560854193437627,cond:1","Walmart - BHFO, Inc.",84.99,144.48,160.63,160.63,Y
"Steve Madden Women's Grace Slide Sandal, Rhinestone, 8 M US",38130.0,76769.0,59.94,11.0,59.94,$64.96 ,,-,0.0,B083D21Q6K,0194068527095,194068527095,B08815LZQS,Steve Madden,yes,GB194068527095,https://www.google.com/search?q=194068527095+Steve+Madden+Women%27s+Grace+Slide+Sandal%2C+Rhinestone%2C+8+M+US&tbm=shop,Y,https://www.amazon.com/dp/B083D21Q6K?psc=1,"https://www.google.com/shopping/product/7852062138330716843/offers?q=194068527095&prds=cid:7852062138330716843,cond:1","Walmart - BHFO, Inc.",24.99,42.48,47.23,58.94,Y
"Steve Madden Women's Lilah Heeled Sandal, Bone Croco, 8",30778.0,29585.0,66.0,2.0,66.0,$131.79 ,$62.96 ,A1195MQ583AB5O,1.0,B09GWCHLKY,0196361067421,196361067421,B0C7JLPTTK,Steve Madden,yes,GB196361067421,https://www.google.com/search?q=196361067421+Steve+Madden+Women%27s+Lilah+Heeled+Sandal%2C+Bone+Croco%2C+8&tbm=shop,Y,https://www.amazon.com/dp/B09GWCHLKY?psc=1,"https://www.google.com/shopping/product/4705730642655661496/offers?q=196361067421&prds=cid:4705730642655661496,cond:1",BHFO,30.99,52.68,58.57,65.0,Y
Steve Madden Women's Irenee Sandal Dusty Silver 6 M,36736.0,43839.0,79.95,1.0,79.95,$79.95 ,,-,0.0,B09MKG1VMT,0196361038803,196361038803,B0CS3ZGJ4V,Steve Madden,yes,GB196361038803,https://www.google.com/search?q=196361038803+Steve+Madden+Women%27s+Irenee+Sandal+Dusty+Silver+6+M&tbm=shop,Y,https://www.amazon.com/dp/B09MKG1VMT?psc=1,"https://www.google.com/shopping/product/7938851029082798341/offers?q=196361038803&prds=cid:7938851029082798341,cond:1",Steve Madden,44.98,76.47,85.01,78.95,Y
"Steve Madden Women's Rezume Sneaker, White, 7",40294.0,43398.0,,,,$99.00 ,$79.95 ,-,,B0B172V8NH,0196829106570,196829106570,B0BG73C2B8,Steve Madden,no,GB196829106570,https://www.google.com/search?q=196829106570+Steve+Madden+Women%27s+Rezume+Sneaker%2C+White%2C+7&tbm=shop,Y,https://www.amazon.com/dp/B0B172V8NH?psc=1,"https://www.google.com/shopping/product/4078333688771230045/offers?q=196829106570&prds=cid:4078333688771230045,cond:1",Zappos.com,89.95,152.91,170.01,170.01,Y
"Steve Madden Women's Graya Flat, Black Patent, 7.5",69159.0,129100.0,119.0,,119.0,$119.00 ,$122.48 ,A1LEM297LNF1FK,2.0,B0CKY3K7XF,0198024156114,198024156114,B0CKYDHZ5K,Steve Madden,yes,GB198024156114,https://www.google.com/search?q=198024156114+Steve+Madden+Women%27s+Graya+Flat%2C+Black+Patent%2C+7.5&tbm=shop,Y,https://www.amazon.com/dp/B0CKY3K7XF?psc=1,"https://www.google.com/shopping/product/16891944014261636128/offers?q=198024156114&prds=cid:16891944014261636128,cond:1",Belk,65.3,111.01,123.42,118.0,Y
"Steve Madden Women's Gills Sneaker, Grey Suede, 9.5",56564.0,59946.0,,,,$158.54 ,$100.37 ,-,,B01KPKQNAK,0190640434188,190640434188,B07TB1RRK7,Steve Madden,yes,GB190640434188,https://www.google.com/search?q=190640434188+Steve+Madden+Women%27s+Gills+Sneaker%2C+Grey+Suede%2C+9.5&tbm=shop,Y,https://www.amazon.com/dp/B01KPKQNAK?psc=1,"https://www.google.com/shopping/product/14263311965060180268/offers?q=190640434188&prds=cid:14263311965060180268,cond:1",6pm.com,70.19,119.32,132.66,132.66,Y
"Steve Madden Women's Charlie Sneaker, Rhinestone, 8.5",38704.0,37769.0,79.95,47.0,79.95,$79.95 ,,-,0.0,B094NYNL8H,0195945410882,195945410882,B0CW2324TY,Steve Madden,yes,GB195945410882,https://www.google.com/search?q=195945410882+Steve+Madden+Women%27s+Charlie+Sneaker%2C+Rhinestone%2C+8.5&tbm=shop,Y,https://www.amazon.com/dp/B094NYNL8H?psc=1,"https://www.google.com/shopping/product/13482663599171589136/offers?q=195945410882&prds=cid:13482663599171589136,cond:1",Steve Madden,41.48,70.52,78.4,78.95,Y
"Steve Madden Women's Charlie Sneaker, Rhinestone, 7",38374.0,36918.0,79.95,21.0,79.95,$79.95 ,,-,0.0,B094NYYXZL,0195945410851,195945410851,B0CW2324TY,Steve Madden,yes,GB195945410851,https://www.google.com/search?q=195945410851+Steve+Madden+Women%27s+Charlie+Sneaker%2C+Rhinestone%2C+7&tbm=shop,Y,https://www.amazon.com/dp/B094NYYXZL?psc=1,"https://www.google.com/shopping/product/13482663599171589136/offers?q=195945410851&prds=cid:13482663599171589136,cond:1",Steve Madden,41.48,70.52,78.4,78.95,Y
"Steve Madden Women's Charlie Sneaker, White Rhinestone, 11",38446.0,37411.0,79.95,33.0,79.95,$79.95 ,,-,0.0,B097NNSKBZ,0195945410929,195945410929,B0CW2324TY,Steve Madden,yes,GB195945410929,https://www.google.com/search?q=195945410929+Steve+Madden+Women%27s+Charlie+Sneaker%2C+White+Rhinestone%2C+11&tbm=shop,Y,https://www.amazon.com/dp/B097NNSKBZ?psc=1,"https://www.google.com/shopping/product/13482663599171589136/offers?q=195945410929&prds=cid:13482663599171589136,cond:1",Steve Madden,41.48,70.52,78.4,78.95,Y
"Steve Madden Women's Belinda Pump, Champagne Rhinestone, 5.5",47367.0,51042.0,,,,$181.74 ,$106.74 ,-,,B0C5KPTWZQ,0197369572313,197369572313,B0BPMRMBBF,Steve Madden,no,GB197369572313,https://www.google.com/search?q=197369572313+Steve+Madden+Women%27s+Belinda+Pump%2C+Champagne+Rhinestone%2C+5.5&tbm=shop,Y,https://www.amazon.com/dp/B0C5KPTWZQ?psc=1,"https://www.google.com/shopping/product/8600113799652829970/offers?q=197369572313&prds=cid:8600113799652829970,cond:1",BHFO,70.99,120.68,134.17,134.17,Y
"Steve Madden Women's Belinda Pump, Champagne Rhinestone, 9.5",47226.0,48978.0,,,,$136.14 ,$136.14 ,-,,B0C5KND5RW,0197369572399,197369572399,B0BPMRMBBF,Steve Madden,yes,GB197369572399,https://www.google.com/search?q=197369572399+Steve+Madden+Women%27s+Belinda+Pump%2C+Champagne+Rhinestone%2C+9.5&tbm=shop,Y,https://www.amazon.com/dp/B0C5KND5RW?psc=1,"https://www.google.com/shopping/product/4992185216630515770/offers?q=197369572399&prds=cid:4992185216630515770,cond:1",Steve Madden,48.47,82.4,91.61,91.61,Y
"Steve Madden Women's Charlie Sneaker, Rhinestone, 6",39102.0,37371.0,79.95,11.0,79.95,$79.95 ,,-,0.0,B094NYP64J,0195945410837,195945410837,B0CW2324TY,Steve Madden,yes,GB195945410837,https://www.google.com/search?q=195945410837+Steve+Madden+Women%27s+Charlie+Sneaker%2C+Rhinestone%2C+6&tbm=shop,Y,https://www.amazon.com/dp/B094NYP64J?psc=1,"https://www.google.com/shopping/product/15636880003819959817/offers?q=195945410837&prds=cid:15636880003819959817,cond:1",Steve Madden,41.48,70.52,78.4,78.95,Y
"Steve Madden Women's Wafer Heeled Sandal, TAN Patent, 8",84053.0,144225.0,97.01,3.0,85.19,$184.40 ,$96.50 ,A24V851RG6UNB7,2.0,B09M7FG2RR,0196361406756,196361406756,B09M7Z19Z4,Steve Madden,no,GB196361406756,https://www.google.com/search?q=196361406756+Steve+Madden+Women%27s+Wafer+Heeled+Sandal%2C+TAN+Patent%2C+8&tbm=shop,Y,https://www.amazon.com/dp/B09M7FG2RR?psc=1,"https://www.google.com/shopping/product/2346131027081816249/offers?q=196361406756&prds=cid:2346131027081816249,cond:1","Walmart - BHFO, Inc.",49.99,84.98,94.48,96.01,Y
"Steve Madden Women's Belinda Flat, Black Leather Pearl, 6.5 M US",58533.0,58533.0,99.96,,99.96,$99.96 ,,-,0.0,B0CS4B7QGP,0197369386781,197369386781,B0BPMRMBBF,Steve Madden,yes,GB197369386781,https://www.google.com/search?q=197369386781+Steve+Madden+Women%27s+Belinda+Flat%2C+Black+Leather+Pearl%2C+6.5+M+US&tbm=shop,Y,https://www.amazon.com/dp/B0CS4B7QGP?psc=1,"https://www.google.com/shopping/product/11965070342723556922/offers?q=197369386781&prds=cid:11965070342723556922,cond:1",Steve Madden,48.47,82.4,91.61,98.96,Y
"Steve Madden Women's Charlie Sneaker, Rhinestone, 8",39015.0,37406.0,79.95,55.0,79.95,$79.95 ,,-,0.0,B094NZ7321,0195945410875,195945410875,B0CW2324TY,Steve Madden,yes,GB195945410875,https://www.google.com/search?q=195945410875+Steve+Madden+Women%27s+Charlie+Sneaker%2C+Rhinestone%2C+8&tbm=shop,Y,https://www.amazon.com/dp/B094NZ7321?psc=1,"https://www.google.com/shopping/product/15636880003819959817/offers?q=195945410875&prds=cid:15636880003819959817,cond:1",Steve Madden,41.48,70.52,78.4,78.95,Y
"Steve Madden Women's Charlie Sneaker, Rhinestone, 7.5",38757.0,37657.0,79.95,28.0,79.95,$79.95 ,,-,0.0,B094P39WQR,0195945410868,195945410868,B0CW2324TY,Steve Madden,yes,GB195945410868,https://www.google.com/search?q=195945410868+Steve+Madden+Women%27s+Charlie+Sneaker%2C+Rhinestone%2C+7.5&tbm=shop,Y,https://www.amazon.com/dp/B094P39WQR?psc=1,"https://www.google.com/shopping/product/15636880003819959817/offers?q=195945410868&prds=cid:15636880003819959817,cond:1",Steve Madden,41.48,70.52,78.4,78.95,Y
"Steve Madden Women's Howler Ankle Boot, Tan Suede Fur, 8",55563.0,30714.0,89.96,6.0,89.96,$109.96 ,,-,0.0,B0C59M7DGH,0197369561195,197369561195,B0BMN9C5R4,Steve Madden,yes,GB197369561195,https://www.google.com/search?q=197369561195+Steve+Madden+Women%27s+Howler+Ankle+Boot%2C+Tan+Suede+Fur%2C+8&tbm=shop,Y,https://www.amazon.com/dp/B0C59M7DGH?psc=1,"https://www.google.com/shopping/product/2362682591961120723/offers?q=197369561195&prds=cid:2362682591961120723,cond:1",BHFO,25.99,44.18,49.12,88.96,Y
"Steve Madden Lessa Platform Sandals Women Block Heel Ankle Strap Open Toe Pumps (Black Leather, 9.5)",76278.0,65143.0,,,,$109.99 ,$46.74 ,-,,B0C15QPDQR,0196829560617,196829560617,B0CW1XQLJ7,Steve Madden,no,GB196829560617,https://www.google.com/search?q=196829560617+Steve+Madden+Lessa+Platform+Sandals+Women+Block+Heel+Ankle+Strap+Open+Toe+Pumps+%28Black+Leather%2C+9.5%29&tbm=shop,Y,https://www.amazon.com/dp/B0C15QPDQR?psc=1,"https://www.google.com/shopping/product/5185003439764218068/offers?q=196829560617&prds=cid:5185003439764218068,cond:1",Steve Madden,86.97,147.85,164.37,164.37,Y
Steve Madden Bevelyn Convertible Crossbody Bag (Merigold),54717.0,77163.0,124.62,1.0,124.62,$149.00 ,$127.62 ,-,0.0,B0CH7QTV6V,0193624214653,193624214653,B0CNS69TQS,Steve Madden,yes,GB193624214653,https://www.google.com/search?q=193624214653+Steve+Madden+Bevelyn+Convertible+Crossbody+Bag+%28Merigold%29&tbm=shop,Y,https://www.amazon.com/dp/B0CH7QTV6V?psc=1,"https://www.google.com/shopping/product/4816653825303916940/offers?q=193624214653&prds=cid:4816653825303916940,cond:1",Steve Madden,71.6,121.72,135.32,123.62,Y
Steve Madden Bevelyn Convertible Crossbody Bag (Pink),55421.0,77411.0,130.0,2.0,129.87,$149.00 ,,-,0.0,B0CNY419S7,0193624710544,193624710544,B0CNS69TQS,Steve Madden,yes,GB193624710544,https://www.google.com/search?q=193624710544+Steve+Madden+Bevelyn+Convertible+Crossbody+Bag+%28Pink%29&tbm=shop,Y,https://www.amazon.com/dp/B0CNY419S7?psc=1,"https://www.google.com/shopping/product/4816653825303916940/offers?q=193624710544&prds=cid:4816653825303916940,cond:1",Steve Madden,71.6,121.72,135.32,129.0,Y
Steve Madden Bevelyn Convertible Crossbody Bag (Cognac),54574.0,77043.0,130.0,7.0,130.0,$159.00 ,,-,0.0,B0CKDQH88Y,0193624215124,193624215124,B0CNS69TQS,Steve Madden,yes,GB193624215124,https://www.google.com/search?q=193624215124+Steve+Madden+Bevelyn+Convertible+Crossbody+Bag+%28Cognac%29&tbm=shop,Y,https://www.amazon.com/dp/B0CKDQH88Y?psc=1,"https://www.google.com/shopping/product/4816653825303916940/offers?q=193624215124&prds=cid:4816653825303916940,cond:1",Steve Madden,71.6,121.72,135.32,129.0,Y
Steve Madden Bevelyn Convertible Crossbody Bag (Galaxy Blue),54243.0,77405.0,130.0,1.0,125.0,$149.00 ,$125.00 ,A4ACPN6V4Z5AW,1.0,B0CJQZ7HJH,0193624490330,193624490330,B0CNS69TQS,Steve Madden,no,GB193624490330,https://www.google.com/search?q=193624490330+Steve+Madden+Bevelyn+Convertible+Crossbody+Bag+%28Galaxy+Blue%29&tbm=shop,Y,https://www.amazon.com/dp/B0CJQZ7HJH?psc=1,"https://www.google.com/shopping/product/4816653825303916940/offers?q=193624490330&prds=cid:4816653825303916940,cond:1",Steve Madden,71.6,121.72,135.32,129.0,Y
Steve Madden Bevelyn Convertible Tote Bag (Black Dragon),54606.0,56069.0,149.0,4.0,140.0,$149.00 ,,-,0.0,B0CVRCRMC9,0193624777899,193624777899,B0CNS69TQS,Steve Madden,yes,GB193624777899,https://www.google.com/search?q=193624777899+Steve+Madden+Bevelyn+Convertible+Tote+Bag+%28Black+Dragon%29&tbm=shop,Y,https://www.amazon.com/dp/B0CVRCRMC9?psc=1,"https://www.google.com/shopping/product/1132352648055534715/offers?q=193624777899&prds=cid:1132352648055534715,cond:1",Steve Madden,71.6,121.72,135.32,148.0,Y
Steve Madden Bevelyn Convertible Crossbody Bag (Black Rhinestone),54448.0,54603.0,145.0,1.0,145.0,$158.93 ,$144.64 ,A347HKNIDUMSGB,1.0,B0CV75ZF16,0193624905377,193624905377,B0CNS69TQS,Steve Madden,no,GB193624905377,https://www.google.com/search?q=193624905377+Steve+Madden+Bevelyn+Convertible+Crossbody+Bag+%28Black+Rhinestone%29&tbm=shop,Y,https://www.amazon.com/dp/B0CV75ZF16?psc=1,"https://www.google.com/shopping/product/4816653825303916940/offers?q=193624905377&prds=cid:4816653825303916940,cond:1",Steve Madden,71.6,121.72,135.32,144.0,Y
Steve Madden Bevelyn Convertible Crossbody Bag (Light Grey),54337.0,77556.0,130.0,2.0,125.08,$159.00 ,$163.49 ,A1195MQ583AB5O,1.0,B0CKDMXMRZ,0193624215872,193624215872,B0CNS69TQS,Steve Madden,yes,GB193624215872,https://www.google.com/search?q=193624215872+Steve+Madden+Bevelyn+Convertible+Crossbody+Bag+%28Light+Grey%29&tbm=shop,Y,https://www.amazon.com/dp/B0CKDMXMRZ?psc=1,"https://www.google.com/shopping/product/4816653825303916940/offers?q=193624215872&prds=cid:4816653825303916940,cond:1",Steve Madden,71.6,121.72,135.32,129.0,Y
Steve Madden Bevelyn Convertible Crossbody Bag (Bright Pink),53982.0,314151.0,,,140.0,$149.50 ,$110.00 ,-,0.0,B0CPVZHZRS,0193624342752,193624342752,B0CNS69TQS,Steve Madden,yes,GB193624342752,https://www.google.com/search?q=193624342752+Steve+Madden+Bevelyn+Convertible+Crossbody+Bag+%28Bright+Pink%29&tbm=shop,Y,https://www.amazon.com/dp/B0CPVZHZRS?psc=1,"https://www.google.com/shopping/product/4816653825303916940/offers?q=193624342752&prds=cid:4816653825303916940,cond:1",Steve Madden,71.6,121.72,135.32,139.0,Y
"Steve Madden Women's Dina Flat Sandal, Rhinestone, 7",84928.0,106515.0,,,,$99.84 ,$34.53 ,-,,B09Z35F4YT,0196361293660,196361293660,B0B2HSX8BT,Steve Madden,no,GB196361293660,https://www.google.com/search?q=196361293660+Steve+Madden+Women%27s+Dina+Flat+Sandal%2C+Rhinestone%2C+7&tbm=shop,Y,https://www.amazon.com/dp/B09Z35F4YT?psc=1,"https://www.google.com/shopping/product/12725130594991511520/offers?q=196361293660&prds=cid:12725130594991511520,cond:1",BHFO,40.99,69.68,77.47,77.47,Y
"Steve Madden Women's Lessa Pump, Gold, 9",77520.0,67611.0,,,,$224.99 ,,-,,B097Q7KFW5,0195945733691,195945733691,B0CW1XQLJ7,Steve Madden,yes,GB195945733691,https://www.google.com/search?q=195945733691+Steve+Madden+Women%27s+Lessa+Pump%2C+Gold%2C+9&tbm=shop,Y,https://www.amazon.com/dp/B097Q7KFW5?psc=1,"https://www.google.com/shopping/product/7870873937153866629/offers?q=195945733691&prds=cid:7870873937153866629,cond:1",Steve Madden,86.97,147.85,164.37,164.37,Y
"Steve Madden Womens Lessa suede Open Toe Heel Sandals Brown 8 Medium (B,M)",80707.0,57891.0,,,89.96,$101.08 ,$104.79 ,A24V851RG6UNB7,1.0,B0BHC5HSBX,0195945564059,195945564059,B0CW1XQLJ7,Steve Madden,no,GB195945564059,https://www.google.com/search?q=195945564059+Steve+Madden+Womens+Lessa+suede+Open+Toe+Heel+Sandals+Brown+8+Medium+%28B%2CM%29&tbm=shop,Y,https://www.amazon.com/dp/B0BHC5HSBX?psc=1,"https://www.google.com/shopping/product/17415418837110599182/offers?q=195945564059&prds=cid:17415418837110599182,cond:1","Walmart - BHFO, Inc.",24.99,42.48,47.23,88.96,Y
"Steve Madden Women's Sandra Sandal, Natural Raffia, 8.5",120995.0,295970.0,69.95,65.0,69.95,$69.95 ,$137.73 ,-,0.0,B0BRQW3X7J,0197369006436,197369006436,B0CFG42V76,Steve Madden,yes,GB197369006436,https://www.google.com/search?q=197369006436+Steve+Madden+Women%27s+Sandra+Sandal%2C+Natural+Raffia%2C+8.5&tbm=shop,Y,https://www.amazon.com/dp/B0BRQW3X7J?psc=1,"https://www.google.com/shopping/product/5914133152936658641/offers?q=197369006436&prds=cid:5914133152936658641,cond:1",BHFO,19.99,33.98,37.78,68.95,Y
"Steve Madden Women's Lessa Heeled Sandal, Bone Patent, 6.5",84389.0,67594.0,,,155.17,$205.14 ,$203.44 ,A1195MQ583AB5O,1.0,B095MTNZL1,0195945280492,195945280492,B0CW1XQLJ7,Steve Madden,no,GB195945280492,https://www.google.com/search?q=195945280492+Steve+Madden+Women%27s+Lessa+Heeled+Sandal%2C+Bone+Patent%2C+6.5&tbm=shop,Y,https://www.amazon.com/dp/B095MTNZL1?psc=1,"https://www.google.com/shopping/product/9847913510566743597/offers?q=195945280492&prds=cid:9847913510566743597,cond:1","Walmart - BHFO, Inc.",24.99,42.48,47.23,154.17,Y
"Steve Madden Women's Glacer Sneaker, Rhinestone, 6",137426.0,203260.0,,,,$89.95 ,$89.95 ,-,,B0CKTTF41Y,0198024107055,198024107055,B0CJKNPDBL,Steve Madden,no,GB198024107055,https://www.google.com/search?q=198024107055+Steve+Madden+Women%27s+Glacer+Sneaker%2C+Rhinestone%2C+6&tbm=shop,Y,https://www.amazon.com/dp/B0CKTTF41Y?psc=1,"https://www.google.com/shopping/product/3932143573258347293/offers?q=198024107055&prds=cid:3932143573258347293,cond:1",Dillard's,99.99,169.98,188.98,188.98,Y
Steve Madden Travel Black Pyramid Detail Rounded Toe Ankle Strap Flat Sandal,108824.0,125956.0,,,130.0,$130.00 ,,-,0.0,B081SQ9ZPT,0194068112727,194068112727,B0856L7S4J,Steve Madden,no,GB194068112727,https://www.google.com/search?q=194068112727+Steve+Madden+Travel+Black+Pyramid+Detail+Rounded+Toe+Ankle+Strap+Flat+Sandal&tbm=shop,Y,https://www.amazon.com/dp/B081SQ9ZPT?psc=1,"https://www.google.com/shopping/product/6402042966648660742/offers?q=194068112727&prds=cid:6402042966648660742,cond:1",Steve Madden,72.97,124.05,137.91,129.0,Y
Steve Madden Sunrise Wedge Sandal White Leather 8 M,257711.0,472262.0,,,,$121.02 ,$130.94 ,-,,B0BZMHT3YM,0197369146316,197369146316,B07PG2B439,Steve Madden,yes,GB197369146316,https://www.google.com/search?q=197369146316+Steve+Madden+Sunrise+Wedge+Sandal+White+Leather+8+M&tbm=shop,Y,https://www.amazon.com/dp/B0BZMHT3YM?psc=1,"https://www.google.com/shopping/product/1133474948274098516/offers?q=197369146316&prds=cid:1133474948274098516,cond:1",Zappos.com,62.97,107.05,119.01,119.01,Y
"Steve Madden Women's Lizah Knee High Boot, Camel, 6",108523.0,58704.0,99.99,,99.99,$189.98 ,$99.12 ,-,0.0,B0BXQZF48T,0197369331095,197369331095,B0BJ1HJL9S,Steve Madden,yes,GB197369331095,https://www.google.com/search?q=197369331095+Steve+Madden+Women%27s+Lizah+Knee+High+Boot%2C+Camel%2C+6&tbm=shop,Y,https://www.amazon.com/dp/B0BXQZF48T?psc=1,"https://www.google.com/shopping/product/1565308489754922465/offers?q=197369331095&prds=cid:1565308489754922465,cond:1",Sears - BHFO,29.94,50.9,56.59,98.99,Y
"Steve Madden Women's Luxe Heeled Sandal, Silver, 9.5",154454.0,214273.0,89.95,14.0,89.95,$89.95 ,$168.03 ,-,0.0,B0CLC8VKZM,0196829222669,196829222669,B0CLC3J893,Steve Madden,yes,GB196829222669,https://www.google.com/search?q=196829222669+Steve+Madden+Women%27s+Luxe+Heeled+Sandal%2C+Silver%2C+9.5&tbm=shop,Y,https://www.amazon.com/dp/B0CLC8VKZM?psc=1,"https://www.google.com/shopping/product/471213277266284953/offers?q=196829222669&prds=cid:471213277266284953,cond:1",Bloomingdale's,42.97,73.05,81.21,88.95,Y
Steve Madden Women's Travel Black Flat Sandal 7.5 M US,110771.0,123688.0,,,130.0,$130.00 ,,-,0.0,B081SWB4KP,0194068112635,194068112635,B0856L7S4J,Steve Madden,no,GB194068112635,https://www.google.com/search?q=194068112635+Steve+Madden+Women%27s+Travel+Black+Flat+Sandal+7.5+M+US&tbm=shop,Y,https://www.amazon.com/dp/B081SWB4KP?psc=1,"https://www.google.com/shopping/product/7756704729353158964/offers?q=194068112635&prds=cid:7756704729353158964,cond:1",Shop Premium Outlets,46.99,79.88,88.81,129.0,Y
"Steve Madden Women's Luxe Heeled Sandal, Silver, 9",159704.0,204595.0,89.95,16.0,89.95,$89.95 ,$168.03 ,-,0.0,B0CLC723XP,0196829222645,196829222645,B0CLC3J893,Steve Madden,yes,GB196829222645,https://www.google.com/search?q=196829222645+Steve+Madden+Women%27s+Luxe+Heeled+Sandal%2C+Silver%2C+9&tbm=shop,Y,https://www.amazon.com/dp/B0CLC723XP?psc=1,"https://www.google.com/shopping/product/14503159551692365187/offers?q=196829222645&prds=cid:14503159551692365187,cond:1",Bloomingdale's,42.97,73.05,81.21,88.95,Y
"Steve Madden Women's Travel Flat Sandal, Clear, 10",110854.0,124850.0,,,,$167.68 ,$65.90 ,-,,B081W8MDD9,0194068112802,194068112802,B0856L7S4J,Steve Madden,no,GB194068112802,https://www.google.com/search?q=194068112802+Steve+Madden+Women%27s+Travel+Flat+Sandal%2C+Clear%2C+10&tbm=shop,Y,https://www.amazon.com/dp/B081W8MDD9?psc=1,"https://www.google.com/shopping/product/14189103055986109571/offers?q=194068112802&prds=cid:14189103055986109571,cond:1",BHFO,57.99,98.58,109.6,109.6,Y
Steve Madden Lasso Boot Chestnut Suede 5.5 M,131452.0,130741.0,240.02,1.0,240.02,$333.98 ,$231.77 ,A1195MQ583AB5O,1.0,B0BNQPQZKN,0196361414287,196361414287,B09M7YQS44,Steve Madden,no,GB196361414287,https://www.google.com/search?q=196361414287+Steve+Madden+Lasso+Boot+Chestnut+Suede+5.5+M&tbm=shop,Y,https://www.amazon.com/dp/B0BNQPQZKN?psc=1,"https://www.google.com/shopping/product/2340188530137682945/offers?q=196361414287&prds=cid:2340188530137682945,cond:1",Sole Desire,100.0,170.0,189.0,239.02,Y
"Steve Madden Women's Lasso Western Boot, Green Leather, 6",142991.0,137116.0,,,,$329.97 ,$245.44 ,-,,B0B5WFDRKR,0196361414317,196361414317,B09M7YQS44,Steve Madden,yes,GB196361414317,https://www.google.com/search?q=196361414317+Steve+Madden+Women%27s+Lasso+Western+Boot%2C+Green+Leather%2C+6&tbm=shop,Y,https://www.amazon.com/dp/B0B5WFDRKR?psc=1,"https://www.google.com/shopping/product/2340188530137682945/offers?q=196361414317&prds=cid:2340188530137682945,cond:1",Sole Desire,100.0,170.0,189.0,189.0,Y
"Steve Madden Women's Lizah Knee High Boot, Camel, 9.5",104729.0,57730.0,96.08,1.0,96.08,$189.98 ,$98.11 ,A1195MQ583AB5O,1.0,B0BXQNZQRH,0197369331163,197369331163,B0BJ1HJL9S,Steve Madden,no,GB197369331163,https://www.google.com/search?q=197369331163+Steve+Madden+Women%27s+Lizah+Knee+High+Boot%2C+Camel%2C+9.5&tbm=shop,Y,https://www.amazon.com/dp/B0BXQNZQRH?psc=1,"https://www.google.com/shopping/product/1980606259704349639/offers?q=197369331163&prds=cid:1980606259704349639,cond:1",BHFO,37.99,64.58,71.8,95.08,Y
"Steve Madden Sunrise Wedge Sandals for Women - Jute Wrapped Wedge Heel, Padded Footbed, and Open-Toe Clear 7.5 M",279334.0,518031.0,99.95,119.0,99.95,$99.95 ,$183.18 ,A1195MQ583AB5O,1.0,B07H9CW7R1,0824095679664,824095679664,B07PG2B439,Steve Madden,yes,GB824095679664,https://www.google.com/search?q=824095679664+Steve+Madden+Sunrise+Wedge+Sandals+for+Women+-+Jute+Wrapped+Wedge+Heel%2C+Padded+Footbed%2C+and+Open-Toe+Clear+7.5+M&tbm=shop,Y,https://www.amazon.com/dp/B07H9CW7R1?psc=1,"https://www.google.com/shopping/product/621307534159755361/offers?q=824095679664&prds=cid:621307534159755361,cond:1","Walmart - BHFO, Inc.",28.99,49.28,54.79,98.95,Y
"Steve Madden Blossoms Gold Snake Slip On Pointed Toe Bow Detail Ballet Flats (Gold Snake, 10)",208222.0,286896.0,,,89.99,$89.99 ,$61.98 ,-,0.0,B0BT4RGZS2,0196829853917,196829853917,B0CFGFLVZ9,Steve Madden,no,GB196829853917,https://www.google.com/search?q=196829853917+Steve+Madden+Blossoms+Gold+Snake+Slip+On+Pointed+Toe+Bow+Detail+Ballet+Flats+%28Gold+Snake%2C+10%29&tbm=shop,Y,https://www.amazon.com/dp/B0BT4RGZS2?psc=1,"https://www.google.com/shopping/product/3943540890695986915/offers?q=196829853917&prds=cid:3943540890695986915,cond:1",6pm.com,49.0,83.3,92.61,88.99,Y
Steve Madden Bandi White Wedge Sandal 7.5 M US,218641.0,282019.0,65.95,10.0,65.95,$167.68 ,,-,0.0,B07QTZCCWV,0824095099011,824095099011,B07PH2RMXS,Steve Madden,yes,GB824095099011,https://www.google.com/search?q=824095099011+Steve+Madden+Bandi+White+Wedge+Sandal+7.5+M+US&tbm=shop,Y,https://www.amazon.com/dp/B07QTZCCWV?psc=1,"https://www.google.com/shopping/product/18116785447995368997/offers?q=824095099011&prds=cid:18116785447995368997,cond:1",BHFO,24.99,42.48,47.23,64.95,Y
"Steve Madden Women's Sunnie Sandal, Tan, 7",166407.0,209384.0,,,99.0,$100.76 ,$104.96 ,A1195MQ583AB5O,1.0,B0BLR3XDH7,0196829265321,196829265321,B0BM69D5MT,Steve Madden,yes,GB196829265321,https://www.google.com/search?q=196829265321+Steve+Madden+Women%27s+Sunnie+Sandal%2C+Tan%2C+7&tbm=shop,Y,https://www.amazon.com/dp/B0BLR3XDH7?psc=1,"https://www.google.com/shopping/product/1428497572886744797/offers?q=196829265321&prds=cid:1428497572886744797,cond:1",Belk,54.5,92.65,103.0,98.0,Y
"Steve Madden Women's MOXXI Heeled Sandal, Light Blue, 7.5",267546.0,514160.0,,,,$99.95 ,$34.33 ,-,,B09GWCY1QP,0196361101071,196361101071,B09GWTT9W7,Steve Madden,no,GB196361101071,https://www.google.com/search?q=196361101071+Steve+Madden+Women%27s+MOXXI+Heeled+Sandal%2C+Light+Blue%2C+7.5&tbm=shop,Y,https://www.amazon.com/dp/B09GWCY1QP?psc=1,"https://www.google.com/shopping/product/12229737371515910991/offers?q=196361101071&prds=cid:12229737371515910991,cond:1",BHFO,34.99,59.48,66.13,66.13,Y
"Steve Madden Women's Lizah Knee High Boot, Camel, 8.5",107069.0,58072.0,,,,$189.98 ,$100.14 ,-,,B0BXQRWGWV,0197369331149,197369331149,B0BJ1HJL9S,Steve Madden,no,GB197369331149,https://www.google.com/search?q=197369331149+Steve+Madden+Women%27s+Lizah+Knee+High+Boot%2C+Camel%2C+8.5&tbm=shop,Y,https://www.amazon.com/dp/B0BXQRWGWV?psc=1,"https://www.google.com/shopping/product/1861468736513461574/offers?q=197369331149&prds=cid:1861468736513461574,cond:1","Walmart - BHFO, Inc.",52.99,90.08,100.15,100.15,Y
"Steve Madden womens Shaye Heeled Sandal, Natural, 9.5 US",309871.0,365227.0,,,146.48,$155.03 ,$123.96 ,A1195MQ583AB5O,1.0,B08YFMZQVJ,0195945127247,195945127247,B09X3VCVP2,Steve Madden,no,GB195945127247,https://www.google.com/search?q=195945127247+Steve+Madden+womens+Shaye+Heeled+Sandal%2C+Natural%2C+9.5+US&tbm=shop,Y,https://www.amazon.com/dp/B08YFMZQVJ?psc=1,"https://www.google.com/shopping/product/9008846170640568316/offers?q=195945127247&prds=cid:9008846170640568316,cond:1",Steve Madden,42.87,72.88,81.02,145.48,Y
"Steve Madden Women's Theresa Heeled Sandal, Champagne, 8.5",349619.0,425376.0,,,145.35,$157.39 ,$145.35 ,A1195MQ583AB5O,1.0,B0BTZ8N3QF,0196829606452,196829606452,B0BVNM9BWL,Steve Madden,yes,GB196829606452,https://www.google.com/search?q=196829606452+Steve+Madden+Women%27s+Theresa+Heeled+Sandal%2C+Champagne%2C+8.5&tbm=shop,Y,https://www.amazon.com/dp/B0BTZ8N3QF?psc=1,"https://www.google.com/shopping/product/14690044743369149052/offers?q=196829606452&prds=cid:14690044743369149052,cond:1",DSW,84.98,144.47,160.61,144.35,Y
"Steve Madden Women's Excite Heeled Sandal, Green Suede, 9.5",699827.0,699827.0,119.95,,119.95,$119.95 ,,-,0.0,B0CJ13W4T5,0198024034061,198024034061,B0CJ12WR41,Steve Madden,yes,GB198024034061,https://www.google.com/search?q=198024034061+Steve+Madden+Women%27s+Excite+Heeled+Sandal%2C+Green+Suede%2C+9.5&tbm=shop,Y,https://www.amazon.com/dp/B0CJ13W4T5?psc=1,"https://www.google.com/shopping/product/7404987888100880514/offers?q=198024034061&prds=cid:7404987888100880514,cond:1",Shop Premium Outlets,40.99,69.68,77.47,118.95,Y
Steve Madden Abela Sandal Pink 7 M,595086.0,801475.0,,,72.99,$74.95 ,,-,0.0,B09T9Y9THC,0196361123707,196361123707,B0CFC73495,Steve Madden,yes,GB196361123707,https://www.google.com/search?q=196361123707+Steve+Madden+Abela+Sandal+Pink+7+M&tbm=shop,Y,https://www.amazon.com/dp/B09T9Y9THC?psc=1,"https://www.google.com/shopping/product/2976867057604833750/offers?q=196361123707&prds=cid:2976867057604833750,cond:1",6pm.com,39.95,67.92,75.51,71.99,Y
"Steve Madden Women's Sunnie Sandal, Bone, 7",166502.0,217392.0,,,114.24,$114.24 ,$69.02 ,A1195MQ583AB5O,1.0,B0BMPBS6C3,0196829265314,196829265314,B0BM69D5MT,Steve Madden,yes,GB196829265314,https://www.google.com/search?q=196829265314+Steve+Madden+Women%27s+Sunnie+Sandal%2C+Bone%2C+7&tbm=shop,Y,https://www.amazon.com/dp/B0BMPBS6C3?psc=1,"https://www.google.com/shopping/product/12314868414064175881/offers?q=196829265314&prds=cid:12314868414064175881,cond:1",Belk,54.5,92.65,103.0,113.24,Y
Steve Madden Incentive Sandal Citron 10 M,440848.0,654578.0,,,49.57,$53.55 ,,-,0.0,B09RJ3BLLF,0196361337258,196361337258,B0CFDS47XM,Steve Madden,yes,GB196361337258,https://www.google.com/search?q=196361337258+Steve+Madden+Incentive+Sandal+Citron+10+M&tbm=shop,Y,https://www.amazon.com/dp/B09RJ3BLLF?psc=1,"https://www.google.com/shopping/product/8076653877756437506/offers?q=196361337258&prds=cid:8076653877756437506,cond:1","Walmart - BHFO, Inc.",22.99,39.08,43.45,48.57,Y
"Steve Madden Women's Hayle Chelsea Boot, Sand Suede, 8.5 Wide",262353.0,147310.0,80.34,,80.34,$99.95 ,,-,0.0,B0C9K65F8D,0197369685471,197369685471,B0BFZVF4Y1,Steve Madden,yes,GB197369685471,https://www.google.com/search?q=197369685471+Steve+Madden+Women%27s+Hayle+Chelsea+Boot%2C+Sand+Suede%2C+8.5+Wide&tbm=shop,Y,https://www.amazon.com/dp/B0C9K65F8D?psc=1,"https://www.google.com/shopping/product/15934257874275200357/offers?q=197369685471&prds=cid:15934257874275200357,cond:1",BHFO,33.99,57.78,64.24,79.34,Y
"Steve Madden Women's Sunnie Sandal, Tan, 8",165969.0,214893.0,,,114.24,$114.24 ,$78.03 ,-,1.0,B0BLQY7Z2W,0196829265383,196829265383,B0BM69D5MT,Steve Madden,no,GB196829265383,https://www.google.com/search?q=196829265383+Steve+Madden+Women%27s+Sunnie+Sandal%2C+Tan%2C+8&tbm=shop,Y,https://www.amazon.com/dp/B0BLQY7Z2W?psc=1,"https://www.google.com/shopping/product/7623983576144338428/offers?q=196829265383&prds=cid:7623983576144338428,cond:1",Belk,54.5,92.65,103.0,113.24,Y
"Steve Madden Women's Rozlyn Heeled Sandal, Brown Croco, 8",331085.0,344406.0,,,121.82,$121.82 ,$111.36 ,A1195MQ583AB5O,1.0,B0BTQ1WNPL,0197369199367,197369199367,B0CFG8BNCQ,Steve Madden,yes,GB197369199367,https://www.google.com/search?q=197369199367+Steve+Madden+Women%27s+Rozlyn+Heeled+Sandal%2C+Brown+Croco%2C+8&tbm=shop,Y,https://www.amazon.com/dp/B0BTQ1WNPL?psc=1,"https://www.google.com/shopping/product/7766500380855850603/offers?q=197369199367&prds=cid:7766500380855850603,cond:1",Belk,59.5,101.15,112.45,120.82,Y
"Steve Madden Women's Bettyy1 Combat Boot, Black, 5",180909.0,198874.0,,,144.56,$189.98 ,$144.56 ,A1195MQ583AB5O,1.0,B08FSSMR6N,0194068295598,194068295598,B0CG6FZKSD,Steve Madden,yes,GB194068295598,https://www.google.com/search?q=194068295598+Steve+Madden+Women%27s+Bettyy1+Combat+Boot%2C+Black%2C+5&tbm=shop,Y,https://www.amazon.com/dp/B08FSSMR6N?psc=1,"https://www.google.com/shopping/product/306068361123735523/offers?q=194068295598&prds=cid:306068361123735523,cond:1",Steve Madden,66.67,113.34,126.01,143.56,Y
"Steve Madden Women's Anders Heeled Sandal, Sand Suede, 10",245036.0,386861.0,88.59,1.0,76.79,$100.58 ,$78.75 ,A24V851RG6UNB7,2.0,B09GWC3KLL,0196361132730,196361132730,B0BFQ22WCN,Steve Madden,no,GB196361132730,https://www.google.com/search?q=196361132730+Steve+Madden+Women%27s+Anders+Heeled+Sandal%2C+Sand+Suede%2C+10&tbm=shop,Y,https://www.amazon.com/dp/B09GWC3KLL?psc=1,"https://www.google.com/shopping/product/2984372969723646339/offers?q=196361132730&prds=cid:2984372969723646339,cond:1",Sears - BHFO,51.94,88.3,98.17,87.59,Y
"Steve Madden Women's MOXXI Heeled Sandal, Light Pink, 6",221562.0,644014.0,,,,$99.95 ,$58.41 ,-,,B09GWDV7HW,0196361100968,196361100968,B09GWTT9W7,Steve Madden,no,GB196361100968,https://www.google.com/search?q=196361100968+Steve+Madden+Women%27s+MOXXI+Heeled+Sandal%2C+Light+Pink%2C+6&tbm=shop,Y,https://www.amazon.com/dp/B09GWDV7HW?psc=1,"https://www.google.com/shopping/product/9309307239825943863/offers?q=196361100968&prds=cid:9309307239825943863,cond:1",Steve Madden,100.97,171.65,190.83,190.83,Y
"Steve Madden Sunrise Wedge Sandals for Women - Jute Wrapped Wedge Heel, Padded Footbed, and Open-Toe Clear 8 M",225613.0,452758.0,99.95,121.0,99.95,$182.38 ,$183.18 ,A1195MQ583AB5O,1.0,B07H9BCNXZ,0824095679671,824095679671,B07PG2B439,Steve Madden,yes,GB824095679671,https://www.google.com/search?q=824095679671+Steve+Madden+Sunrise+Wedge+Sandals+for+Women+-+Jute+Wrapped+Wedge+Heel%2C+Padded+Footbed%2C+and+Open-Toe+Clear+8+M&tbm=shop,Y,https://www.amazon.com/dp/B07H9BCNXZ?psc=1,"https://www.google.com/shopping/product/621307534159755361/offers?q=824095679671&prds=cid:621307534159755361,cond:1","Walmart - BHFO, Inc.",28.99,49.28,54.79,98.95,Y
"Steve Madden Women's Lynden Ankle Boot, Bone Patent, 7.5",188058.0,154523.0,59.0,8.0,59.0,$133.40 ,,-,0.0,B095PYH93K,0195189176032,195189176032,B0CFBXPC1L,Steve Madden,yes,GB195189176032,https://www.google.com/search?q=195189176032+Steve+Madden+Women%27s+Lynden+Ankle+Boot%2C+Bone+Patent%2C+7.5&tbm=shop,Y,https://www.amazon.com/dp/B095PYH93K?psc=1,"https://www.google.com/shopping/product/13540553634247492447/offers?q=195189176032&prds=cid:13540553634247492447,cond:1",Sears - BHFO,27.94,47.5,52.81,58.0,Y
Steve Madden Carrine Loafer Women's Slip On 6 B(M) US Brown,164167.0,153521.0,154.32,,154.32,$157.05 ,,-,1.0,B0BHW75XCW,0196361726823,196361726823,B0BG1JD6G5,Steve Madden,no,GB196361726823,https://www.google.com/search?q=196361726823+Steve+Madden+Carrine+Loafer+Women%27s+Slip+On+6+B%28M%29+US+Brown&tbm=shop,Y,https://www.amazon.com/dp/B0BHW75XCW?psc=1,"https://www.google.com/shopping/product/18290956757996997471/offers?q=196361726823&prds=cid:18290956757996997471,cond:1",BHFO,40.99,69.68,77.47,153.32,Y
"Steve Madden Women's Lombardo Heeled Sandal, Natural, 6",412979.0,1096899.0,109.95,9.0,109.95,$119.95 ,,-,0.0,B09M7GZYQV,0196361097404,196361097404,B09M7VNTGZ,Steve Madden,yes,GB196361097404,https://www.google.com/search?q=196361097404+Steve+Madden+Women%27s+Lombardo+Heeled+Sandal%2C+Natural%2C+6&tbm=shop,Y,https://www.amazon.com/dp/B09M7GZYQV?psc=1,"https://www.google.com/shopping/product/928364914992772553/offers?q=196361097404&prds=cid:928364914992772553,cond:1",Belk,59.5,101.15,112.45,108.95,Y
"Steve Madden Women's Brecken Ankle Boot, Denim Fabric, 9",260369.0,216381.0,,,151.35,$183.17 ,$145.23 ,A1195MQ583AB5O,1.0,B0C6B8SBZF,0197369471357,197369471357,B0C6BS9F4F,Steve Madden,yes,GB197369471357,https://www.google.com/search?q=197369471357+Steve+Madden+Women%27s+Brecken+Ankle+Boot%2C+Denim+Fabric%2C+9&tbm=shop,Y,https://www.amazon.com/dp/B0C6B8SBZF?psc=1,"https://www.google.com/shopping/product/14437553424482566257/offers?q=197369471357&prds=cid:14437553424482566257,cond:1",Nordstrom Rack,66.97,113.85,126.57,150.35,Y
"Steve Madden Women's Bettyy1 Combat Boot, Black, 7",180376.0,187519.0,,,144.56,$152.14 ,$144.56 ,A1195MQ583AB5O,1.0,B083CRGKCV,0194068295635,194068295635,B0CG6FZKSD,Steve Madden,yes,GB194068295635,https://www.google.com/search?q=194068295635+Steve+Madden+Women%27s+Bettyy1+Combat+Boot%2C+Black%2C+7&tbm=shop,Y,https://www.amazon.com/dp/B083CRGKCV?psc=1,"https://www.google.com/shopping/product/342807009053297767/offers?q=194068295635&prds=cid:342807009053297767,cond:1",Steve Madden,66.67,113.34,126.01,143.56,Y
"Steve Madden Women's BETTYY1 Combat Boot, Black Patent, 8",164832.0,181119.0,49.99,4.0,49.99,$119.99 ,,-,0.0,B094PM3VSS,0195945283363,195945283363,B0CG6FZKSD,Steve Madden,yes,GB195945283363,https://www.google.com/search?q=195945283363+Steve+Madden+Women%27s+BETTYY1+Combat+Boot%2C+Black+Patent%2C+8&tbm=shop,Y,https://www.amazon.com/dp/B094PM3VSS?psc=1,"https://www.google.com/shopping/product/14739734928727693180/offers?q=195945283363&prds=cid:14739734928727693180,cond:1",BHFO,24.99,42.48,47.23,48.99,Y
"Steve Madden Women's Bettyy1 Combat Boot, Black, 8.5",175806.0,186823.0,99.95,,99.95,$99.95 ,,-,0.0,B08SMPW76Z,0194068295666,194068295666,B0CG6FZKSD,Steve Madden,yes,GB194068295666,https://www.google.com/search?q=194068295666+Steve+Madden+Women%27s+Bettyy1+Combat+Boot%2C+Black%2C+8.5&tbm=shop,Y,https://www.amazon.com/dp/B08SMPW76Z?psc=1,"https://www.google.com/shopping/product/1497270271637231374/offers?q=194068295666&prds=cid:1497270271637231374,cond:1",BHFO,34.99,59.48,66.13,98.95,Y
"Steve Madden Alyse Bootie for Women - Suede Upper with Pointy Toe, Cushioned Footbed, Chic and Chunky Heel Chestnut 6.5 M",332528.0,291572.0,60.47,12.0,60.47,$109.95 ,$134.70 ,A1195MQ583AB5O,1.0,B0B8N6NGGD,0196829213353,196829213353,B07VPWYTQB,Steve Madden,yes,GB196829213353,https://www.google.com/search?q=196829213353+Steve+Madden+Alyse+Bootie+for+Women+-+Suede+Upper+with+Pointy+Toe%2C+Cushioned+Footbed%2C+Chic+and+Chunky+Heel+Chestnut+6.5+M&tbm=shop,Y,https://www.amazon.com/dp/B0B8N6NGGD?psc=1,"https://www.google.com/shopping/product/16635355542948347569/offers?q=196829213353&prds=cid:16635355542948347569,cond:1",BHFO,19.99,33.98,37.78,59.47,Y
"Steve Madden Women's Amulet-C Ankle Boot, Black, 8",198497.0,135748.0,,,153.7,$153.70 ,$153.70 ,A1195MQ583AB5O,1.0,B08T1RX5YQ,0195945048047,195945048047,B0CW1Z4XJ6,Steve Madden,no,GB195945048047,https://www.google.com/search?q=195945048047+Steve+Madden+Women%27s+Amulet-C+Ankle+Boot%2C+Black%2C+8&tbm=shop,Y,https://www.amazon.com/dp/B08T1RX5YQ?psc=1,"https://www.google.com/shopping/product/5317194472921141431/offers?q=195945048047&prds=cid:5317194472921141431,cond:1",London Store,66.0,112.2,124.74,152.7,Y
"Steve Madden Women's Winny Fashion Boot, Cognac Leather, 6",303306.0,248611.0,122.37,7.0,122.35,$179.95 ,$116.02 ,A1195MQ583AB5O,1.0,B0BWL7B3ZX,0197369126721,197369126721,B0BWKNVX18,Steve Madden,yes,GB197369126721,https://www.google.com/search?q=197369126721+Steve+Madden+Women%27s+Winny+Fashion+Boot%2C+Cognac+Leather%2C+6&tbm=shop,Y,https://www.amazon.com/dp/B0BWL7B3ZX?psc=1,"https://www.google.com/shopping/product/11490083933383133902/offers?q=197369126721&prds=cid:11490083933383133902,cond:1","Walmart - BHFO, Inc.",68.99,117.28,130.39,121.37,Y
Steve Madden Landen Tan 13 D (M),370414.0,457735.0,,,129.36,$129.36 ,$81.65 ,-,1.0,B099QKN231,0194976454629,194976454629,B099F9J5KT,Steve Madden,yes,GB194976454629,https://www.google.com/search?q=194976454629+Steve+Madden+Landen+Tan+13+D+%28M%29&tbm=shop,Y,https://www.amazon.com/dp/B099QKN231?psc=1,"https://www.google.com/shopping/product/7064122039471076995/offers?q=194976454629&prds=cid:7064122039471076995,cond:1",Belk,59.99,101.98,113.38,128.36,Y
"Steve Madden Women's Duo Sneaker, White, 6",442427.0,629745.0,89.95,,89.95,$89.95 ,$95.19 ,A1195MQ583AB5O,1.0,B0CHLFGPZ7,0198024014186,198024014186,B0CHLBX7Z1,Steve Madden,yes,GB198024014186,https://www.google.com/search?q=198024014186+Steve+Madden+Women%27s+Duo+Sneaker%2C+White%2C+6&tbm=shop,Y,https://www.amazon.com/dp/B0CHLFGPZ7?psc=1,"https://www.google.com/shopping/product/5948345575645345415/offers?q=198024014186&prds=cid:5948345575645345415,cond:1",Steve Madden,51.98,88.37,98.24,88.95,Y
"Steve Madden Women's Lakeshore Sandal, Pink Raffia, 7.5",334740.0,682830.0,79.95,,79.95,$79.99 ,,-,0.0,B0CBSR1GS2,0197369735510,197369735510,B0CBSX46DS,Steve Madden,yes,GB197369735510,https://www.google.com/search?q=197369735510+Steve+Madden+Women%27s+Lakeshore+Sandal%2C+Pink+Raffia%2C+7.5&tbm=shop,Y,https://www.amazon.com/dp/B0CBSR1GS2?psc=1,"https://www.google.com/shopping/product/5189104786775379993/offers?q=197369735510&prds=cid:5189104786775379993,cond:1",Sears - BHFO,37.94,64.5,71.71,78.95,Y
"Steve Madden Women's Dalia Mule, Black, 6.5",371231.0,340275.0,,,,$89.95 ,,-,,B0C43Z78QH,0197369356456,197369356456,B0C65YGVT4,Steve Madden,yes,GB197369356456,https://www.google.com/search?q=197369356456+Steve+Madden+Women%27s+Dalia+Mule%2C+Black%2C+6.5&tbm=shop,Y,https://www.amazon.com/dp/B0C43Z78QH?psc=1,"https://www.google.com/shopping/product/3526705230228656508/offers?q=197369356456&prds=cid:3526705230228656508,cond:1",Steve Madden,99.95,169.91,188.91,188.91,Y
"Steve Madden womens Mav Fashion Boot, Pink, 9 10 US",231993.0,122699.0,78.11,2.0,68.99,$129.95 ,$78.11 ,A3V17JP5RCORRR,1.0,B0B25W41H2,0196829284728,196829284728,B09Z5F37KW,Steve Madden,no,GB196829284728,https://www.google.com/search?q=196829284728+Steve+Madden+womens+Mav+Fashion+Boot%2C+Pink%2C+9+10+US&tbm=shop,Y,https://www.amazon.com/dp/B0B25W41H2?psc=1,"https://www.google.com/shopping/product/16589610711695669898/offers?q=196829284728&prds=cid:16589610711695669898,cond:1",BHFO,42.99,73.08,81.25,77.11,Y
Steve Madden Viable Pump Rhinestone 10 M,229842.0,187047.0,129.95,2.0,129.95,$228.64 ,$228.64 ,A1195MQ583AB5O,1.0,B0BXJBZ24K,0196829169766,196829169766,B09SQTB29K,Steve Madden,yes,GB196829169766,https://www.google.com/search?q=196829169766+Steve+Madden+Viable+Pump+Rhinestone+10+M&tbm=shop,Y,https://www.amazon.com/dp/B0BXJBZ24K?psc=1,"https://www.google.com/shopping/product/14529965994427751282/offers?q=196829169766&prds=cid:14529965994427751282,cond:1",Steve Madden,69.99,118.98,132.28,128.95,Y
"Steve Madden Women's CATE Ankle Boot, Sand Suede, 8",351485.0,235602.0,54.99,3.0,54.99,$138.95 ,$56.18 ,-,1.0,B09QH9JLHK,0196361647333,196361647333,B09QHMHGQT,Steve Madden,no,GB196361647333,https://www.google.com/search?q=196361647333+Steve+Madden+Women%27s+CATE+Ankle+Boot%2C+Sand+Suede%2C+8&tbm=shop,Y,https://www.amazon.com/dp/B09QH9JLHK?psc=1,"https://www.google.com/shopping/product/2362682591961120723/offers?q=196361647333&prds=cid:2362682591961120723,cond:1",BHFO,25.99,44.18,49.12,53.99,Y
"Steve Madden Womens Hesitant Suede Stretch Mid-Calf Boots Brown 5 Medium (B,M)",210248.0,173948.0,84.18,,68.99,$139.00 ,,-,1.0,B0BN5W2FTY,0196361701257,196361701257,B09QHLG7BV,Steve Madden,no,GB196361701257,https://www.google.com/search?q=196361701257+Steve+Madden+Womens+Hesitant+Suede+Stretch+Mid-Calf+Boots+Brown+5+Medium+%28B%2CM%29&tbm=shop,Y,https://www.amazon.com/dp/B0BN5W2FTY?psc=1,"https://www.google.com/shopping/product/374324741788553610/offers?q=196361701257&prds=cid:374324741788553610,cond:1",BHFO,40.99,69.68,77.47,83.18,Y
"Steve Madden Women's Triple Chelsea Boot, Bone Leather, 6.5",352414.0,228538.0,59.0,,59.0,$118.00 ,,-,0.0,B0CFB9Q77R,0197369518250,197369518250,B096MJZTN8,Steve Madden,yes,GB197369518250,https://www.google.com/search?q=197369518250+Steve+Madden+Women%27s+Triple+Chelsea+Boot%2C+Bone+Leather%2C+6.5&tbm=shop,Y,https://www.amazon.com/dp/B0CFB9Q77R?psc=1,"https://www.google.com/shopping/product/18406530160017447792/offers?q=197369518250&prds=cid:18406530160017447792,cond:1",Sears - BHFO,30.94,52.6,58.48,58.0,Y
Steve Madden Viable Pump Rhinestone 6.5 M,224520.0,190455.0,129.95,1.0,129.95,$228.64 ,$228.64 ,A1195MQ583AB5O,1.0,B0BXJB2JRC,0196829169698,196829169698,B09SQTB29K,Steve Madden,yes,GB196829169698,https://www.google.com/search?q=196829169698+Steve+Madden+Viable+Pump+Rhinestone+6.5+M&tbm=shop,Y,https://www.amazon.com/dp/B0BXJB2JRC?psc=1,"https://www.google.com/shopping/product/18191545460074898513/offers?q=196829169698&prds=cid:18191545460074898513,cond:1",BHFO,32.99,56.08,62.35,128.95,Y
"Steve Madden Women's Aquarius Ankle Boot, White Leather, 7",295096.0,215042.0,69.91,22.0,69.91,$139.95 ,,-,0.0,B099TT3PWT,0195945752821,195945752821,B0CLHDMVQ8,Steve Madden,yes,GB195945752821,https://www.google.com/search?q=195945752821+Steve+Madden+Women%27s+Aquarius+Ankle+Boot%2C+White+Leather%2C+7&tbm=shop,Y,https://www.amazon.com/dp/B099TT3PWT?psc=1,"https://www.google.com/shopping/product/6065223735311309198/offers?q=195945752821&prds=cid:6065223735311309198,cond:1",BHFO,22.99,39.08,43.45,68.91,Y
"Steve Madden Women's Winny Fashion Boot, Cognac Leather, 8.5",270152.0,236903.0,,6.0,123.85,$179.95 ,$215.66 ,A1195MQ583AB5O,1.0,B0BWL8TMQB,0197369126875,197369126875,B0BWKNVX18,Steve Madden,yes,GB197369126875,https://www.google.com/search?q=197369126875+Steve+Madden+Women%27s+Winny+Fashion+Boot%2C+Cognac+Leather%2C+8.5&tbm=shop,Y,https://www.amazon.com/dp/B0BWL8TMQB?psc=1,"https://www.google.com/shopping/product/11490083933383133902/offers?q=197369126875&prds=cid:11490083933383133902,cond:1","Walmart - BHFO, Inc.",68.99,117.28,130.39,122.85,Y
"Steve Madden Women's Brecken Ankle Boot, Black Leather, 8.5",264372.0,216214.0,149.95,,149.95,$149.95 ,$149.95 ,A1LEM297LNF1FK,1.0,B0C6B6WCFM,0197369471302,197369471302,B0C6BS9F4F,Steve Madden,yes,GB197369471302,https://www.google.com/search?q=197369471302+Steve+Madden+Women%27s+Brecken+Ankle+Boot%2C+Black+Leather%2C+8.5&tbm=shop,Y,https://www.amazon.com/dp/B0C6B6WCFM?psc=1,"https://www.google.com/shopping/product/2171346211921623711/offers?q=197369471302&prds=cid:2171346211921623711,cond:1",Zappos.com,65.98,112.17,124.7,148.95,Y
"Steve Madden Women's Thorn Fashion Boot, Bone, 7",312465.0,281717.0,89.97,1.0,89.97,$177.09 ,$63.90 ,-,1.0,B09QH8LFLV,0196361674216,196361674216,B09QHMXNMC,Steve Madden,no,GB196361674216,https://www.google.com/search?q=196361674216+Steve+Madden+Women%27s+Thorn+Fashion+Boot%2C+Bone%2C+7&tbm=shop,Y,https://www.amazon.com/dp/B09QH8LFLV?psc=1,"https://www.google.com/shopping/product/16179408611689040466/offers?q=196361674216&prds=cid:16179408611689040466,cond:1",BHFO,33.99,57.78,64.24,88.97,Y
Steve Madden Aquarius Natural Block Heel Pointed Toe Studded Studded Ankle Boot (6),299186.0,224433.0,109.0,2.0,109.0,$139.95 ,,-,0.0,B09CGNNLFN,0195945706510,195945706510,B0CLHDMVQ8,Steve Madden,yes,GB195945706510,https://www.google.com/search?q=195945706510+Steve+Madden+Aquarius+Natural+Block+Heel+Pointed+Toe+Studded+Studded+Ankle+Boot+%286%29&tbm=shop,Y,https://www.amazon.com/dp/B09CGNNLFN?psc=1,"https://www.google.com/shopping/product/6065223735311309198/offers?q=195945706510&prds=cid:6065223735311309198,cond:1",BHFO,22.99,39.08,43.45,108.0,Y
"Steve Madden Women's Lipa Pump, White, 8",484605.0,554769.0,,,80.39,$99.95 ,$97.13 ,A24V851RG6UNB7,2.0,B099TTTF9T,0195945022672,195945022672,B093PLPV16,Steve Madden,no,GB195945022672,https://www.google.com/search?q=195945022672+Steve+Madden+Women%27s+Lipa+Pump%2C+White%2C+8&tbm=shop,Y,https://www.amazon.com/dp/B099TTTF9T?psc=1,"https://www.google.com/shopping/product/2264992060689520029/offers?q=195945022672&prds=cid:2264992060689520029,cond:1",BHFO,40.99,69.68,77.47,79.39,Y
"Steve Madden Women's Cobra Fashion Boot, Black Leather, 9",292362.0,302232.0,149.49,1.0,146.7,$169.95 ,$125.57 ,A1195MQ583AB5O,2.0,B096146LQB,0195945438510,195945438510,B09LC6B63N,Steve Madden,yes,GB195945438510,https://www.google.com/search?q=195945438510+Steve+Madden+Women%27s+Cobra+Fashion+Boot%2C+Black+Leather%2C+9&tbm=shop,Y,https://www.amazon.com/dp/B096146LQB?psc=1,"https://www.google.com/shopping/product/14751439075555956916/offers?q=195945438510&prds=cid:14751439075555956916,cond:1",Tillys,81.38,138.35,153.81,148.49,Y
"Steve Madden Women's Cobra Fashion Boot, Black Leather, 8",293630.0,296217.0,143.33,2.0,128.39,$255.63 ,$143.67 ,A24V851RG6UNB7,2.0,B0961DYD96,0195945438497,195945438497,B09LC6B63N,Steve Madden,no,GB195945438497,https://www.google.com/search?q=195945438497+Steve+Madden+Women%27s+Cobra+Fashion+Boot%2C+Black+Leather%2C+8&tbm=shop,Y,https://www.amazon.com/dp/B0961DYD96?psc=1,"https://www.google.com/shopping/product/16663898589250960106/offers?q=195945438497&prds=cid:16663898589250960106,cond:1",6pm.com,65.98,112.17,124.7,142.33,Y
"Steve Madden Women's Calabria Ankle Boot, Bone Leather, 9",261660.0,192220.0,59.0,2.0,59.0,$169.72 ,,-,0.0,B095PVNMZD,0195945504765,195945504765,B0BHN24Q72,Steve Madden,yes,GB195945504765,https://www.google.com/search?q=195945504765+Steve+Madden+Women%27s+Calabria+Ankle+Boot%2C+Bone+Leather%2C+9&tbm=shop,Y,https://www.amazon.com/dp/B095PVNMZD?psc=1,"https://www.google.com/shopping/product/6635889933973382555/offers?q=195945504765&prds=cid:6635889933973382555,cond:1",BHFO,32.99,56.08,62.35,58.0,Y
"Steve Madden Women's Hayward Western Boot, White Leather, 8.5",400644.0,406290.0,,,176.38,$277.04 ,,A1195MQ583AB5O,1.0,B09SN5JMCL,0195945695777,195945695777,B09YJHJYBK,Steve Madden,yes,GB195945695777,https://www.google.com/search?q=195945695777+Steve+Madden+Women%27s+Hayward+Western+Boot%2C+White+Leather%2C+8.5&tbm=shop,Y,https://www.amazon.com/dp/B09SN5JMCL?psc=1,"https://www.google.com/shopping/product/14684551549269186958/offers?q=195945695777&prds=cid:14684551549269186958,cond:1",Steve Madden,100.97,171.65,190.83,175.38,Y
"Steve Madden womens Amulet Ankle Boot, Black Chain, 6.5 US",194649.0,129524.0,,,133.66,$155.01 ,$153.70 ,A1195MQ583AB5O,1.0,B08T1Q59QS,0195945048016,195945048016,B0CW1Z4XJ6,Steve Madden,no,GB195945048016,https://www.google.com/search?q=195945048016+Steve+Madden+womens+Amulet+Ankle+Boot%2C+Black+Chain%2C+6.5+US&tbm=shop,Y,https://www.amazon.com/dp/B08T1Q59QS?psc=1,"https://www.google.com/shopping/product/13762914815485298729/offers?q=195945048016&prds=cid:13762914815485298729,cond:1",London Store,66.0,112.2,124.74,132.66,Y
"Steve Madden Women's Aquarius Ankle Boot, White Leather, 8",264722.0,200514.0,69.91,30.0,69.91,$243.28 ,,-,0.0,B099TLHDK1,0195945752845,195945752845,B0CLHDMVQ8,Steve Madden,yes,GB195945752845,https://www.google.com/search?q=195945752845+Steve+Madden+Women%27s+Aquarius+Ankle+Boot%2C+White+Leather%2C+8&tbm=shop,Y,https://www.amazon.com/dp/B099TLHDK1?psc=1,"https://www.google.com/shopping/product/6065223735311309198/offers?q=195945752845&prds=cid:6065223735311309198,cond:1",Sears - BHFO,24.94,42.4,47.14,68.91,Y
"Steve Madden Women's Azariah Heeled Sandal, Fuchsia, 6.5",537487.0,600094.0,119.95,4.0,119.95,$119.95 ,$157.86 ,-,0.0,B0CBSSD61L,0197369756928,197369756928,B0CBSXDS4H,Steve Madden,yes,GB197369756928,https://www.google.com/search?q=197369756928+Steve+Madden+Women%27s+Azariah+Heeled+Sandal%2C+Fuchsia%2C+6.5&tbm=shop,Y,https://www.amazon.com/dp/B0CBSSD61L?psc=1,"https://www.google.com/shopping/product/1760623279333377731/offers?q=197369756928&prds=cid:1760623279333377731,cond:1",Nordstrom Rack,55.97,95.15,105.78,118.95,Y
Steve Madden Hayward Western Boot Sand Suede 9 M,369289.0,418041.0,87.97,25.0,87.97,$159.95 ,$199.13 ,A1195MQ583AB5O,1.0,B0C1GHR22N,0196829184158,196829184158,B09YJHJYBK,Steve Madden,yes,GB196829184158,https://www.google.com/search?q=196829184158+Steve+Madden+Hayward+Western+Boot+Sand+Suede+9+M&tbm=shop,Y,https://www.amazon.com/dp/B0C1GHR22N?psc=1,"https://www.google.com/shopping/product/2329589284213529026/offers?q=196829184158&prds=cid:2329589284213529026,cond:1",Shop Premium Outlets,41.99,71.38,79.36,86.97,Y
Steve Madden Windie Sand Suede 6.5 M,573732.0,599291.0,81.38,9.0,81.38,$87.91 ,$161.87 ,A1195MQ583AB5O,1.0,B0C6HYGRJN,0196361634531,196361634531,B0C6J2B19R,Steve Madden,yes,GB196361634531,https://www.google.com/search?q=196361634531+Steve+Madden+Windie+Sand+Suede+6.5+M&tbm=shop,Y,https://www.amazon.com/dp/B0C6HYGRJN?psc=1,"https://www.google.com/shopping/product/14382194495639659795/offers?q=196361634531&prds=cid:14382194495639659795,cond:1",BHFO,38.99,66.28,73.69,80.38,Y
"Steve Madden Women's Hayward Western Boot, White Leather, 6.5",318112.0,363174.0,,,176.38,$275.63 ,$233.44 ,A1195MQ583AB5O,1.0,B09SMX5SBD,0195945695654,195945695654,B09YJHJYBK,Steve Madden,yes,GB195945695654,https://www.google.com/search?q=195945695654+Steve+Madden+Women%27s+Hayward+Western+Boot%2C+White+Leather%2C+6.5&tbm=shop,Y,https://www.amazon.com/dp/B09SMX5SBD?psc=1,"https://www.google.com/shopping/product/14684551549269186958/offers?q=195945695654&prds=cid:14684551549269186958,cond:1",Steve Madden,100.97,171.65,190.83,175.38,Y
"Steve Madden Womens Hesitant Leather Stretch Mid-Calf Boots Ivory 6 Medium (B,M)",194238.0,143652.0,52.74,1.0,38.39,$104.99 ,$47.75 ,A24V851RG6UNB7,3.0,B0B5ZNWYJ2,0196361701301,196361701301,B09QHLG7BV,Steve Madden,no,GB196361701301,https://www.google.com/search?q=196361701301+Steve+Madden+Womens+Hesitant+Leather+Stretch+Mid-Calf+Boots+Ivory+6+Medium+%28B%2CM%29&tbm=shop,Y,https://www.amazon.com/dp/B0B5ZNWYJ2?psc=1,"https://www.google.com/shopping/product/12670432647987153635/offers?q=196361701301&prds=cid:12670432647987153635,cond:1",BHFO,20.99,35.68,39.67,51.74,Y
"Steve Madden womens Mav Fashion Boot, Pink, 6 7 US",237385.0,123429.0,77.93,4.0,68.99,$161.63 ,$77.93 ,A3V17JP5RCORRR,1.0,B0B25W4N5N,0196829284681,196829284681,B09Z5F37KW,Steve Madden,no,GB196829284681,https://www.google.com/search?q=196829284681+Steve+Madden+womens+Mav+Fashion+Boot%2C+Pink%2C+6+7+US&tbm=shop,Y,https://www.amazon.com/dp/B0B25W4N5N?psc=1,"https://www.google.com/shopping/product/16589610711695669898/offers?q=196829284681&prds=cid:16589610711695669898,cond:1",BHFO,42.99,73.08,81.25,76.93,Y
"Steve Madden womens Mav Fashion Boot, Bone, 6 7 US",224908.0,119915.0,69.95,1.0,69.95,$149.95 ,$69.95 ,A3V17JP5RCORRR,1.0,B0B25SYH1L,0196829284810,196829284810,B09Z5F37KW,Steve Madden,no,GB196829284810,https://www.google.com/search?q=196829284810+Steve+Madden+womens+Mav+Fashion+Boot%2C+Bone%2C+6+7+US&tbm=shop,Y,https://www.amazon.com/dp/B0B25SYH1L?psc=1,"https://www.google.com/shopping/product/12670432647987153635/offers?q=196829284810&prds=cid:12670432647987153635,cond:1",BHFO,20.99,35.68,39.67,68.95,Y
"Steve Madden womens Mav Fashion Boot, Bone, 7 8 US",240067.0,125230.0,94.9,1.0,94.9,$194.38 ,$69.95 ,-,0.0,B0B25RWMWS,0196829284834,196829284834,B09Z5F37KW,Steve Madden,yes,GB196829284834,https://www.google.com/search?q=196829284834+Steve+Madden+womens+Mav+Fashion+Boot%2C+Bone%2C+7+8+US&tbm=shop,Y,https://www.amazon.com/dp/B0B25RWMWS?psc=1,"https://www.google.com/shopping/product/730986821645680660/offers?q=196829284834&prds=cid:730986821645680660,cond:1",Steve Madden,49.99,84.98,94.48,93.9,Y
"Steve Madden Women's Bianca Fashion Boot, Comic Print, 8",451327.0,471197.0,77.6,1.0,77.6,$139.00 ,$56.64 ,A1195MQ583AB5O,1.0,B09VYB8S5Y,0196829003091,196829003091,B0CG69JSZB,Steve Madden,yes,GB196829003091,https://www.google.com/search?q=196829003091+Steve+Madden+Women%27s+Bianca+Fashion+Boot%2C+Comic+Print%2C+8&tbm=shop,Y,https://www.amazon.com/dp/B09VYB8S5Y?psc=1,"https://www.google.com/shopping/product/17780296043866519987/offers?q=196829003091&prds=cid:17780296043866519987,cond:1",BHFO,39.99,67.98,75.58,76.6,Y
"Steve Madden Women's Cobra Fashion Boot, Black, 8.5",303222.0,299593.0,99.99,35.0,99.99,$199.95 ,$88.53 ,A1G9RBEK6CB71F,1.0,B09SQGC6NB,0196361859149,196361859149,B09LC6B63N,Steve Madden,no,GB196361859149,https://www.google.com/search?q=196361859149+Steve+Madden+Women%27s+Cobra+Fashion+Boot%2C+Black%2C+8.5&tbm=shop,Y,https://www.amazon.com/dp/B09SQGC6NB?psc=1,"https://www.google.com/shopping/product/9163057210044768684/offers?q=196361859149&prds=cid:9163057210044768684,cond:1",BHFO,26.99,45.88,51.01,98.99,Y
"Steve Madden Women's Utopia Heeled Sandal, Pink Iridescent, 7.5",455855.0,882007.0,,,163.14,$213.48 ,$162.50 ,-,1.0,B0BF29MKPK,0196829580844,196829580844,B0C64LQR8G,Steve Madden,yes,GB196829580844,https://www.google.com/search?q=196829580844+Steve+Madden+Women%27s+Utopia+Heeled+Sandal%2C+Pink+Iridescent%2C+7.5&tbm=shop,Y,https://www.amazon.com/dp/B0BF29MKPK?psc=1,"https://www.google.com/shopping/product/7471184640667445739/offers?q=196829580844&prds=cid:7471184640667445739,cond:1",6pm.com,58.99,100.28,111.49,162.14,Y
"Steve Madden Women's Viable Pump, Black, 8",244789.0,194864.0,,,155.17,$165.65 ,$155.17 ,A1195MQ583AB5O,1.0,B09SQD8HG4,0195945638613,195945638613,B09SQTB29K,Steve Madden,yes,GB195945638613,https://www.google.com/search?q=195945638613+Steve+Madden+Women%27s+Viable+Pump%2C+Black%2C+8&tbm=shop,Y,https://www.amazon.com/dp/B09SQD8HG4?psc=1,"https://www.google.com/shopping/product/15611091019228988740/offers?q=195945638613&prds=cid:15611091019228988740,cond:1",Steve Madden,86.97,147.85,164.37,154.17,Y
"Steve Madden Women's Brixton Motorcycle Boot, Black Distressed, 8",370574.0,264035.0,107.07,,107.07,$204.82 ,$187.20 ,A2K5XS11A849BN,2.0,B0C1HP3QKV,0197369231265,197369231265,B0C214H9FT,Steve Madden,yes,GB197369231265,https://www.google.com/search?q=197369231265+Steve+Madden+Women%27s+Brixton+Motorcycle+Boot%2C+Black+Distressed%2C+8&tbm=shop,Y,https://www.amazon.com/dp/B0C1HP3QKV?psc=1,"https://www.google.com/shopping/product/10185640503896347986/offers?q=197369231265&prds=cid:10185640503896347986,cond:1",Bloomingdale's,60.93,103.58,115.16,106.07,Y
"Steve Madden Women's Vienne Heeled Sandal, TAN, 6.5",203370.0,290644.0,,,,$147.69 ,,-,,B09M7GK8YV,0196361408958,196361408958,B09M7XY29V,Steve Madden,yes,GB196361408958,https://www.google.com/search?q=196361408958+Steve+Madden+Women%27s+Vienne+Heeled+Sandal%2C+TAN%2C+6.5&tbm=shop,Y,https://www.amazon.com/dp/B09M7GK8YV?psc=1,"https://www.google.com/shopping/product/17954933495106363745/offers?q=196361408958&prds=cid:17954933495106363745,cond:1",Zappos.com,99.95,169.91,188.91,188.91,Y
Steve Madden Violette Flat Gold 7 M,271833.0,228539.0,,,,$79.95 ,,-,,B0BWWBFQN2,0197369085080,197369085080,B0B5YL65CP,Steve Madden,yes,GB197369085080,https://www.google.com/search?q=197369085080+Steve+Madden+Violette+Flat+Gold+7+M&tbm=shop,Y,https://www.amazon.com/dp/B0BWWBFQN2?psc=1,"https://www.google.com/shopping/product/15657075799993464477/offers?q=197369085080&prds=cid:15657075799993464477,cond:1",Zappos.com,89.95,152.91,170.01,170.01,Y
"Steve Madden Women's Hoopla Ankle Boot, Chestnut, 8",307987.0,258810.0,,,152.15,$152.15 ,$152.15 ,A1195MQ583AB5O,1.0,B0961GJK2L,0195945605417,195945605417,B0962LD7HC,Steve Madden,yes,GB195945605417,https://www.google.com/search?q=195945605417+Steve+Madden+Women%27s+Hoopla+Ankle+Boot%2C+Chestnut%2C+8&tbm=shop,Y,https://www.amazon.com/dp/B0961GJK2L?psc=1,"https://www.google.com/shopping/product/2527828633292017142/offers?q=195945605417&prds=cid:2527828633292017142,cond:1",Zappos.com,61.98,105.37,117.14,151.15,Y
"Steve Madden Women's Bianca Fashion Boot, Mushroom Velvet, 8",443576.0,475274.0,69.5,22.0,69.5,$139.95 ,$145.65 ,A1195MQ583AB5O,1.0,B09VYDPFXJ,0196829002971,196829002971,B0CG69JSZB,Steve Madden,yes,GB196829002971,https://www.google.com/search?q=196829002971+Steve+Madden+Women%27s+Bianca+Fashion+Boot%2C+Mushroom+Velvet%2C+8&tbm=shop,Y,https://www.amazon.com/dp/B09VYDPFXJ?psc=1,"https://www.google.com/shopping/product/13408621996421762358/offers?q=196829002971&prds=cid:13408621996421762358,cond:1",BHFO,34.99,59.48,66.13,68.5,Y
"Steve Madden Women's Phantom Sneaker, Black, 8.5",228719.0,209191.0,,,,$140.26 ,$65.56 ,-,,B0BMNWG9M3,0196829550519,196829550519,B0BMPCFHYB,Steve Madden,yes,GB196829550519,https://www.google.com/search?q=196829550519+Steve+Madden+Women%27s+Phantom+Sneaker%2C+Black%2C+8.5&tbm=shop,Y,https://www.amazon.com/dp/B0BMNWG9M3?psc=1,"https://www.google.com/shopping/product/14704827212018657681/offers?q=196829550519&prds=cid:14704827212018657681,cond:1",Steve Madden,99.95,169.91,188.91,188.91,Y
"Steve Madden Women's Mingle Mary Jane, Cognac Patent, 6.5",617071.0,599250.0,135.73,1.0,135.73,$135.73 ,,A35T3I43XUSHP7,1.0,B09LB8H61D,0195945500552,195945500552,B0BLHW6CL4,Steve Madden,no,GB195945500552,https://www.google.com/search?q=195945500552+Steve+Madden+Women%27s+Mingle+Mary+Jane%2C+Cognac+Patent%2C+6.5&tbm=shop,Y,https://www.amazon.com/dp/B09LB8H61D?psc=1,"https://www.google.com/shopping/product/460553150010114394/offers?q=195945500552&prds=cid:460553150010114394,cond:1",BHFO,59.99,101.98,113.38,134.73,Y
"Steve Madden Women's Calabria Ankle Boot, Bone Leather, 9.5",310680.0,210941.0,59.0,14.0,59.0,$204.12 ,,-,0.0,B095PY69ZN,0195945504802,195945504802,B0BHN24Q72,Steve Madden,yes,GB195945504802,https://www.google.com/search?q=195945504802+Steve+Madden+Women%27s+Calabria+Ankle+Boot%2C+Bone+Leather%2C+9.5&tbm=shop,Y,https://www.amazon.com/dp/B095PY69ZN?psc=1,"https://www.google.com/shopping/product/6635889933973382555/offers?q=195945504802&prds=cid:6635889933973382555,cond:1",BHFO,32.99,56.08,62.35,58.0,Y
"Steve Madden Women's Calabria Ankle Boot, Black Leather, 6",290848.0,200309.0,86.89,16.0,86.89,$139.95 ,$170.20 ,A1195MQ583AB5O,1.0,B095PYHWTT,0195945504505,195945504505,B0BHN24Q72,Steve Madden,yes,GB195945504505,https://www.google.com/search?q=195945504505+Steve+Madden+Women%27s+Calabria+Ankle+Boot%2C+Black+Leather%2C+6&tbm=shop,Y,https://www.amazon.com/dp/B095PYHWTT?psc=1,"https://www.google.com/shopping/product/16018955797681560752/offers?q=195945504505&prds=cid:16018955797681560752,cond:1",BHFO,41.99,71.38,79.36,85.89,Y
"Steve Madden Women's Calabria Ankle Boot, Bone Leather, 8",296788.0,204262.0,59.0,2.0,59.0,$210.29 ,,-,0.0,B095Q1K15B,0195945504680,195945504680,B0BHN24Q72,Steve Madden,yes,GB195945504680,https://www.google.com/search?q=195945504680+Steve+Madden+Women%27s+Calabria+Ankle+Boot%2C+Bone+Leather%2C+8&tbm=shop,Y,https://www.amazon.com/dp/B095Q1K15B?psc=1,"https://www.google.com/shopping/product/16179408611689040466/offers?q=195945504680&prds=cid:16179408611689040466,cond:1",BHFO,33.99,57.78,64.24,58.0,Y
"Steve Madden Women's Calabria Ankle Boot, Bone Leather, 6",291699.0,199813.0,129.0,1.0,129.0,$139.95 ,,-,0.0,B095PX4F8Y,0195945504529,195945504529,B0BHN24Q72,Steve Madden,yes,GB195945504529,https://www.google.com/search?q=195945504529+Steve+Madden+Women%27s+Calabria+Ankle+Boot%2C+Bone+Leather%2C+6&tbm=shop,Y,https://www.amazon.com/dp/B095PX4F8Y?psc=1,"https://www.google.com/shopping/product/4734174957191273908/offers?q=195945504529&prds=cid:4734174957191273908,cond:1",BHFO,32.99,56.08,62.35,128.0,Y
"Steve Madden Women's Calabria Ankle Boot, Black Leather, 7.5",287617.0,201660.0,86.89,6.0,86.89,$139.95 ,$170.20 ,A1195MQ583AB5O,1.0,B095PYMHZM,0195945504628,195945504628,B0BHN24Q72,Steve Madden,yes,GB195945504628,https://www.google.com/search?q=195945504628+Steve+Madden+Women%27s+Calabria+Ankle+Boot%2C+Black+Leather%2C+7.5&tbm=shop,Y,https://www.amazon.com/dp/B095PYMHZM?psc=1,"https://www.google.com/shopping/product/16018955797681560752/offers?q=195945504628&prds=cid:16018955797681560752,cond:1",BHFO,41.99,71.38,79.36,85.89,Y
"Steve Madden Women's Rickki Ankle Boot, Black Leather, 9.5",405632.0,264925.0,116.35,3.0,116.35,$159.95 ,$204.48 ,A1195MQ583AB5O,1.0,B0C66VVV24,0196829664827,196829664827,B0C66NCZ49,Steve Madden,yes,GB196829664827,https://www.google.com/search?q=196829664827+Steve+Madden+Women%27s+Rickki+Ankle+Boot%2C+Black+Leather%2C+9.5&tbm=shop,Y,https://www.amazon.com/dp/B0C66VVV24?psc=1,"https://www.google.com/shopping/product/12709633641325255093/offers?q=196829664827&prds=cid:12709633641325255093,cond:1",Sears - BHFO,23.94,40.7,45.25,115.35,Y
Steve Madden Snazzy Heeled Sandal Bone 9 M,420146.0,529679.0,,,,$105.11 ,$99.07 ,-,,B09R9WL779,0196361254692,196361254692,B0B8F1J1LB,Steve Madden,yes,GB196361254692,https://www.google.com/search?q=196361254692+Steve+Madden+Snazzy+Heeled+Sandal+Bone+9+M&tbm=shop,Y,https://www.amazon.com/dp/B09R9WL779?psc=1,"https://www.google.com/shopping/product/16598322793070569508/offers?q=196361254692&prds=cid:16598322793070569508,cond:1",Steve Madden,49.99,84.98,94.48,94.48,Y
"Steve Madden Women's Vienne Heeled Sandal, Black, 9",253806.0,313982.0,,,,$91.56 ,$35.70 ,-,,B09M7GLTGP,0196361409085,196361409085,B09M7XY29V,Steve Madden,no,GB196361409085,https://www.google.com/search?q=196361409085+Steve+Madden+Women%27s+Vienne+Heeled+Sandal%2C+Black%2C+9&tbm=shop,Y,https://www.amazon.com/dp/B09M7GLTGP?psc=1,"https://www.google.com/shopping/product/2949285110815977408/offers?q=196361409085&prds=cid:2949285110815977408,cond:1",Zappos.com,52.76,89.69,99.72,99.72,Y
"Steve Madden Womens Blessing Leather Slingback Heels Black 6 Medium (B,M)",757971.0,891406.0,,,69.61,$109.00 ,,-,0.0,B0C6FWXBR8,0196361282909,196361282909,B09GWTPNJZ,Steve Madden,yes,GB196361282909,https://www.google.com/search?q=196361282909+Steve+Madden+Womens+Blessing+Leather+Slingback+Heels+Black+6+Medium+%28B%2CM%29&tbm=shop,Y,https://www.amazon.com/dp/B0C6FWXBR8?psc=1,"https://www.google.com/shopping/product/2899706023991416764/offers?q=196361282909&prds=cid:2899706023991416764,cond:1",Sears - BHFO,38.94,66.2,73.6,68.61,Y
"Steve Madden Women's Elene Ankle Boot, Black Leather, 7",447813.0,453127.0,98.03,,87.59,$179.17 ,,-,0.0,B0C9F7L5D4,0197369669433,197369669433,B0C9FCHKVL,Steve Madden,yes,GB197369669433,https://www.google.com/search?q=197369669433+Steve+Madden+Women%27s+Elene+Ankle+Boot%2C+Black+Leather%2C+7&tbm=shop,Y,https://www.amazon.com/dp/B0C9F7L5D4?psc=1,"https://www.google.com/shopping/product/16018955797681560752/offers?q=197369669433&prds=cid:16018955797681560752,cond:1",BHFO,41.99,71.38,79.36,97.03,Y
"Steve Madden Women's Actions Sneaker, Blue Multi, 8.5",1473726.0,1395333.0,,,118.76,$167.24 ,$71.89 ,-,1.0,B098BVCKWR,0195945736821,195945736821,B098D1LS4C,Steve Madden,no,GB195945736821,https://www.google.com/search?q=195945736821+Steve+Madden+Women%27s+Actions+Sneaker%2C+Blue+Multi%2C+8.5&tbm=shop,Y,https://www.amazon.com/dp/B098BVCKWR?psc=1,"https://www.google.com/shopping/product/12561217314439880500/offers?q=195945736821&prds=cid:12561217314439880500,cond:1",Shop Premium Outlets,66.99,113.88,126.61,117.76,Y
"Steve Madden Women's Indulge Heeled Sandal, Pink, 8.5",919146.0,901406.0,109.95,,109.95,$109.95 ,,-,0.0,B0C6R9WKNQ,0197369639993,197369639993,B0C6RJZFYT,Steve Madden,yes,GB197369639993,https://www.google.com/search?q=197369639993+Steve+Madden+Women%27s+Indulge+Heeled+Sandal%2C+Pink%2C+8.5&tbm=shop,Y,https://www.amazon.com/dp/B0C6R9WKNQ?psc=1,"https://www.google.com/shopping/product/15550753285159254146/offers?q=197369639993&prds=cid:15550753285159254146,cond:1","Walmart - BHFO, Inc.",45.99,78.18,86.92,108.95,Y
"Steve Madden Women's Udell Heeled Sandal, Gold Leather, 8",501773.0,525364.0,,,121.82,$132.72 ,$112.18 ,A1195MQ583AB5O,1.0,B09ZF943FH,0196829224908,196829224908,B09SQS2BDM,Steve Madden,yes,GB196829224908,https://www.google.com/search?q=196829224908+Steve+Madden+Women%27s+Udell+Heeled+Sandal%2C+Gold+Leather%2C+8&tbm=shop,Y,https://www.amazon.com/dp/B09ZF943FH?psc=1,"https://www.google.com/shopping/product/3125535903718080693/offers?q=196829224908&prds=cid:3125535903718080693,cond:1",Belk,59.5,101.15,112.45,120.82,Y
"Steve Madden Men's Hennric Combat Boot, Black Leather, 9",658860.0,852673.0,116.58,,116.58,$160.00 ,,-,0.0,B0C9PHC9Z3,0197116223048,197116223048,B0C9NGPS2J,Steve Madden,yes,GB197116223048,https://www.google.com/search?q=197116223048+Steve+Madden+Men%27s+Hennric+Combat+Boot%2C+Black+Leather%2C+9&tbm=shop,Y,https://www.amazon.com/dp/B0C9PHC9Z3?psc=1,"https://www.google.com/shopping/product/2830848447506719336/offers?q=197116223048&prds=cid:2830848447506719336,cond:1",Steve Madden,66.67,113.34,126.01,115.58,Y
"Steve Madden Women's Courtnie Pump, Pink Leather, 6",328973.0,376873.0,87.47,,87.47,$87.47 ,$162.58 ,-,0.0,B0CC6RXLXT,0197369764053,197369764053,B0CC7F2P9D,Steve Madden,yes,GB197369764053,https://www.google.com/search?q=197369764053+Steve+Madden+Women%27s+Courtnie+Pump%2C+Pink+Leather%2C+6&tbm=shop,Y,https://www.amazon.com/dp/B0CC6RXLXT?psc=1,"https://www.google.com/shopping/product/10729029375718189242/offers?q=197369764053&prds=cid:10729029375718189242,cond:1","Walmart - BHFO, Inc.",34.99,59.48,66.13,86.47,Y
"Steve Madden Women's Chart Mule, Black Leather, 7.5",232716.0,244713.0,66.39,2.0,66.39,$89.95 ,$84.79 ,A1195MQ583AB5O,2.0,B0BSGWTNPD,0196829380390,196829380390,B0BVGXN3MT,Steve Madden,yes,GB196829380390,https://www.google.com/search?q=196829380390+Steve+Madden+Women%27s+Chart+Mule%2C+Black+Leather%2C+7.5&tbm=shop,Y,https://www.amazon.com/dp/B0BSGWTNPD?psc=1,"https://www.google.com/shopping/product/13106813874342214165/offers?q=196829380390&prds=cid:13106813874342214165,cond:1",Scheels,36.99,62.88,69.91,65.39,Y
"Steve Madden Women's Chart Mule, Black Leather, 8.5",237211.0,232907.0,66.39,,66.39,$89.95 ,$70.52 ,A1195MQ583AB5O,2.0,B0BSGWCYZZ,0196829380451,196829380451,B0BVGXN3MT,Steve Madden,yes,GB196829380451,https://www.google.com/search?q=196829380451+Steve+Madden+Women%27s+Chart+Mule%2C+Black+Leather%2C+8.5&tbm=shop,Y,https://www.amazon.com/dp/B0BSGWCYZZ?psc=1,"https://www.google.com/shopping/product/13106813874342214165/offers?q=196829380451&prds=cid:13106813874342214165,cond:1",Scheels,36.99,62.88,69.91,65.39,Y
"Steve Madden Women's Chart Mule, Black Leather, 7",213375.0,236478.0,84.74,1.0,84.74,$98.38 ,$87.74 ,A1195MQ583AB5O,1.0,B0BSGXFF9X,0196829380369,196829380369,B0BVGXN3MT,Steve Madden,no,GB196829380369,https://www.google.com/search?q=196829380369+Steve+Madden+Women%27s+Chart+Mule%2C+Black+Leather%2C+7&tbm=shop,Y,https://www.amazon.com/dp/B0BSGXFF9X?psc=1,"https://www.google.com/shopping/product/13106813874342214165/offers?q=196829380369&prds=cid:13106813874342214165,cond:1",Scheels,36.99,62.88,69.91,83.74,Y
"Steve Madden Women's Calabria Ankle Boot, Sand Suede, 6.5",271195.0,194636.0,88.17,20.0,88.17,$139.95 ,$139.59 ,A1195MQ583AB5O,1.0,B095PXHCDJ,0195945504574,195945504574,B0BHN24Q72,Steve Madden,yes,GB195945504574,https://www.google.com/search?q=195945504574+Steve+Madden+Women%27s+Calabria+Ankle+Boot%2C+Sand+Suede%2C+6.5&tbm=shop,Y,https://www.amazon.com/dp/B095PXHCDJ?psc=1,"https://www.google.com/shopping/product/6065223735311309198/offers?q=195945504574&prds=cid:6065223735311309198,cond:1",BHFO,22.99,39.08,43.45,87.17,Y
"Steve Madden Women's Cally Mule, Black Suede Faux Fur, 7",356001.0,323010.0,,,183.18,$183.18 ,$179.73 ,A1195MQ583AB5O,1.0,B09VYD48YW,0196829004517,196829004517,B0BMP9NJ78,Steve Madden,no,GB196829004517,https://www.google.com/search?q=196829004517+Steve+Madden+Women%27s+Cally+Mule%2C+Black+Suede+Faux+Fur%2C+7&tbm=shop,Y,https://www.amazon.com/dp/B09VYD48YW?psc=1,"https://www.google.com/shopping/product/13018633625867651310/offers?q=196829004517&prds=cid:13018633625867651310,cond:1",BHFO,65.99,112.18,124.72,182.18,Y
"Steve Madden Women's Charlize Pump, Pink Satin, 10",354871.0,284765.0,,,155.12,$191.56 ,$171.14 ,A1195MQ583AB5O,1.0,B09LB7LJS6,0196361379609,196361379609,B09WCJWC3F,Steve Madden,no,GB196361379609,https://www.google.com/search?q=196361379609+Steve+Madden+Women%27s+Charlize+Pump%2C+Pink+Satin%2C+10&tbm=shop,Y,https://www.amazon.com/dp/B09LB7LJS6?psc=1,"https://www.google.com/shopping/product/6319654169699570085/offers?q=196361379609&prds=cid:6319654169699570085,cond:1",BHFO,76.99,130.88,145.51,154.12,Y
"Steve Madden Women's Calabria Ankle Boot, Bone Leather, 8.5",279406.0,199385.0,59.0,12.0,59.0,$218.53 ,,-,0.0,B095PXWPH4,0195945504727,195945504727,B0BHN24Q72,Steve Madden,yes,GB195945504727,https://www.google.com/search?q=195945504727+Steve+Madden+Women%27s+Calabria+Ankle+Boot%2C+Bone+Leather%2C+8.5&tbm=shop,Y,https://www.amazon.com/dp/B095PXWPH4?psc=1,"https://www.google.com/shopping/product/6635889933973382555/offers?q=195945504727&prds=cid:6635889933973382555,cond:1",BHFO,32.99,56.08,62.35,58.0,Y
"Steve Madden Women's Laurel Heeled Sandal, Gold Glitter, 11",243247.0,347064.0,87.35,,87.35,$119.95 ,,-,0.0,B0CCFBH6QG,0197369142066,197369142066,B0CCFLSQ8R,Steve Madden,yes,GB197369142066,https://www.google.com/search?q=197369142066+Steve+Madden+Women%27s+Laurel+Heeled+Sandal%2C+Gold+Glitter%2C+11&tbm=shop,Y,https://www.amazon.com/dp/B0CCFBH6QG?psc=1,"https://www.google.com/shopping/product/9847913510566743597/offers?q=197369142066&prds=cid:9847913510566743597,cond:1","Walmart - BHFO, Inc.",24.99,42.48,47.23,86.35,Y
"Steve Madden Women's Cray Fashion Boot, Black, 7.5",620926.0,828251.0,118.88,1.0,104.39,$283.98 ,$118.88 ,A24V851RG6UNB7,1.0,B09WC65MRJ,0196829009130,196829009130,B0C6LK56F5,Steve Madden,no,GB196829009130,https://www.google.com/search?q=196829009130+Steve+Madden+Women%27s+Cray+Fashion+Boot%2C+Black%2C+7.5&tbm=shop,Y,https://www.amazon.com/dp/B09WC65MRJ?psc=1,"https://www.google.com/shopping/product/5963484192217067666/offers?q=196829009130&prds=cid:5963484192217067666,cond:1",Shop Premium Outlets,55.99,95.18,105.82,117.88,Y
"Steve Madden Women's Marcello Fashion Boot, Black Suede, 7.5",634908.0,587555.0,92.93,3.0,91.43,$189.95 ,$74.86 ,ACTZ4HD4YIH8O,2.0,B09QH964L6,0196361680903,196361680903,B0CW1Y9NQZ,Steve Madden,yes,GB196361680903,https://www.google.com/search?q=196361680903+Steve+Madden+Women%27s+Marcello+Fashion+Boot%2C+Black+Suede%2C+7.5&tbm=shop,Y,https://www.amazon.com/dp/B09QH964L6?psc=1,"https://www.google.com/shopping/product/7633752341309954635/offers?q=196361680903&prds=cid:7633752341309954635,cond:1",Shop Premium Outlets,42.99,73.08,81.25,91.93,Y
"Steve Madden Men's Nills Sneaker, White/Beige, 7.5 M",4300725.0,4300725.0,125.0,,125.0,$125.00 ,,-,0.0,B0CD5PKJ9H,0197116285565,197116285565,B0CJG5FN82,Steve Madden,yes,GB197116285565,https://www.google.com/search?q=197116285565+Steve+Madden+Men%27s+Nills+Sneaker%2C+White%2FBeige%2C+7.5+M&tbm=shop,Y,https://www.amazon.com/dp/B0CD5PKJ9H?psc=1,"https://www.google.com/shopping/product/6789912424897254210/offers?q=197116285565&prds=cid:6789912424897254210,cond:1",Sole Desire,47.5,80.75,89.77,124.0,Y
