Title,Sales Rank: 30 days avg.,Sales Rank: 90 days avg.,Buy Box: Current,Buy Box: Stock,New: Current,New: Highest,"New, 3rd Party FBM 🚚: 30 days avg.",Lowest FBM Seller,"Count of retrieved live offers: New, FBM",ASIN,Product Codes: EAN,Product Codes: UPC,Parent ASIN,Brand,Prime Eligible (Buy Box)
"BIRKENSTOCK 1019635 Women's Slippers, Earthy Vegan Light Rose, 8.5 US",6410,11374,,,$125.00 ,$180.00 ,,-,0,B08WZ2XLM4,4.06142E+12,4061416556570,B00BUQ4ADQ,Birkenstock,no
Birkenstock Arizona 40 Narrow White Birko Flor,6546,11525,,,$139.95 ,$149.95 ,$139.95 ,-,0,B07N14ZY5V,0886454234747,0886454234747,B00BUQ4ADQ,Birkenstock,no
"BIRKENSTOCK Women's Heels Open Toe Sandals , Grey Iron Iron , 13 US",6627,11514,,,,$298.95 ,$231.85 ,-,,B071NMDJ4K,4.052E+12,4052001263379,B00BUQ4ADQ,Birkenstock,no
Birkenstock Womens Arizona Soft Foot Bed Double Buckle Metallic Sandals - Metallic Silver - US10/EU41,6416,11386,,,,$199.95 ,$217.85 ,-,,B01N79F4MD,4.05406E+12,4054056337739,B00BUQ4ADQ,Birkenstock,yes
"Birkenstock Women's Sandals, Black Birko-flor??, 3.5 UK Narrow",6550,11547,$119.86 ,25,$119.86 ,$154.27 ,,-,0,B000GLI39I,4.01387E+12,4013871036623,B00BUQ4ADQ,Birkenstock,yes
"Birkenstock Men's Arizona Soft Footbed Limited Edition Narrow Sandals, Sky (Sky/Sky), 41",6524,11442,,,$235.94 ,$253.73 ,$235.94 ,-,1,B07FKBB1FC,0802436406995,0802436406995,B00BUQ4ADQ,Birkenstock,no
"Birkenstock Unisex-Adult Arizona Soft Footbed Mules, Blau, 8 Narrow",6505,11452,,,,$275.65 ,$237.47 ,-,,B000MSW1ES,4.01387E+12,4013871002017,B00BUQ4ADQ,Birkenstock,no
"Birkenstock Men's Heels Open Toe Sandals, Mocha, 10.5 UK",6636,11672,,,,$220.95 ,,-,,B00GWP9CV0,4.04071E+12,4040714343006,B00BUQ4ADQ,Birkenstock,no
Birkenstock Unisex Arizona BS Leather Dark Brown Sandals 13 W / 11 M US,6478,11388,$106.85 ,8,$106.85 ,$269.99 ,,-,0,B00901JRYA,0736399021547,0736399021547,B00BUQ4ADQ,Birkenstock,yes
Birkenstock Unisex Arizona Brown Birko Flor Sandals - 11-11.5 B(M) US Women/9-9.5 B(M) US Men,6405,11361,,,$148.98 ,$148.98 ,$139.60 ,-,1,B000UWNNZC,4.01387E+12,4013871037736,B00BUQ4ADQ,Birkenstock,no
"Birkenstock Women's Arizona Birko-Flo Mocca Sandals - M13 46,0",6505,11489,,,,$199.95 ,,-,,B000XW3F8E,4.04071E+12,4040714059259,B00BUQ4ADQ,Birkenstock,yes
Birkenstock Unisex Arizona Havana Sandals - 46 M EU / 13-13.5 D(M) US,6536,11478,,,,$276.95 ,$281.78 ,-,,B00KYDZQUW,4.052E+12,4052001142612,B00BUQ4ADQ,Birkenstock,no
"Birkenstock Men's Flatform Sandals, White, 38",6434,11410,,,,$258.53 ,$164.15 ,-,,B000MSWXBO,4.01387E+12,4013871033349,B00BUQ4ADQ,Birkenstock,no
Birkenstock Arizona 41 Black Birko Flor,6468,11521,$104.60 ,106,$104.60 ,$155.78 ,$105.00 ,-,0,B07N14NNYR,0736399021240,0736399021240,B00BUQ4ADQ,Birkenstock,yes
Birkenstock Women's Arizona Birko-Flo Tabacco Brown Sandals - 39 M EU,6566,11734,$135.00 ,1,$135.00 ,$397.21 ,$225.08 ,-,1,B00432B38O,4.04071E+12,4040714888781,B00BUQ4ADQ,Birkenstock,no
"Birkenstock Women's Arizona, Brown, 10 AU",6418,11351,,,$145.95 ,$200.99 ,,-,0,B00UI027IU,4.04071E+12,4040714059310,B00BUQ4ADQ,Birkenstock,no
Birkenstock Arizona Mules/Clogs Men Brown - UK:12 - Mules,6538,11591,,,,$229.95 ,$229.33 ,-,,B00UJP5BBY,4.04071E+12,4040714059372,B00BUQ4ADQ,Birkenstock,no
"Birkenstock Arizona Soft Footbed, Habana, Brown, 11-11.5 Women/9-9.5 Men",5348,7820,$103.00 ,3,$102.55 ,$255.99 ,$131.96 ,-,0,B00EE48SMU,0886454142578,0886454142578,B00BUQ4ADQ,Birkenstock,yes
"Birkenstock Women's Casual Sandals, Mocca, 5 UK Narrow",6483,11672,$127.00 ,1,$127.00 ,$375.35 ,,-,0,B0026MV14O,4.04071E+12,4040714342818,B00BUQ4ADQ,Birkenstock,yes
Arizona Soft Footbed,6397,11465,,,,$258.98 ,$143.80 ,-,,B01N98T0N5,4.05406E+12,4054056337692,B00BUQ4ADQ,Birkenstock,no
"Birkenstock Women's Open-Back Sandal, ICY Metallic Anthracite, 7",5999,10604,,,,$140.95 ,,-,,B07ZQJ7RDT,4.04373E+12,4043734658068,B001EJNMXS,Birkenstock,no
"Birkenstock Women's Sandal, Tabacco Brown, 5",5996,10735,,,,$253.95 ,$99.00 ,-,,B07KYKKHF3,4.04448E+12,4044477321714,B001EJNMXS,Birkenstock,no
"Birkenstock Women's Passe-pouces Mayari Birko-flor Graceful Taupe Sandal, 5.5 Wide",5992,10885,,,,$197.48 ,$189.85 ,-,,B07YLW6PS3,4.04373E+12,4043734791604,B001EJNMXS,Birkenstock,no
"Birkenstock Women's Mayari Sandal,Toffee,36 EU/5-5.5 M US",6047,10795,,,,$150.00 ,$97.31 ,-,,B005HESY7A,0809410271198,0809410271198,B001EJNMXS,Birkenstock,no
"Birkenstock Women's Mayari Sandal,Black Patent,41 EU/10-10.5 N US",5996,10760,$99.95 ,,$99.95 ,$139.50 ,,-,0,B001EJNN5K,0809410643209,0809410643209,B001EJNMXS,Birkenstock,yes
"Birkenstock Women's Passe-pouces Mayari Birko-Flor Gold Sandal, 10 Wide",6029,10839,,,,$99.00 ,,-,,B07ZS841M8,4.04373E+12,4043734794681,B001EJNMXS,Birkenstock,no
"Birkenstock Women's Mayari Oiled Leather, Habana, 38 EU/7-7.5 N US",5998,10711,$128.55 ,1,$128.55 ,$199.99 ,,-,0,B007CGG6QW,0886454003305,0886454003305,B001EJNMXS,Birkenstock,yes
"Birkenstock Women's Open-Back Sandal, ICY Metallic Anthracite, 9",6001,10622,,,,$129.17 ,,-,,B07ZQJ2PL8,4.04373E+12,4043734658143,B001EJNMXS,Birkenstock,no
"Birkenstock Women's Passe-pouces Mayari Birko-Flor ICY Metallic Old Rose Sandal, 5.5",6021,10875,,,,$250.65 ,,-,,B07ZQHXK6S,4.04373E+12,4043734658709,B001EJNMXS,Birkenstock,no
"Birkenstock Womens Mayari Holiday Birko-Flor Beach Summer Flat Sandals - White - EU 38, UK 5",6032,10730,$73.50 ,3,$73.50 ,$394.93 ,,-,0,B001G2F18M,4.04071E+12,4040714632346,B001EJNMXS,Birkenstock,yes
"Birkenstock Mayari Sandals, Graceful Amber Yellow, 3.5 UK 36 EU Narrow 5 US",6175,10690,$64.99 ,1,$64.99 ,$159.95 ,,-,0,B0BM32V4JJ,0886457018290,0886457018290,B001EJNMXS,Birkenstock,yes
"Birkenstock Women's Flip Flops, Habana, 10",5942,11064,,,,$265.95 ,$129.00 ,-,,B00W1U6GMI,4.052E+12,4052001003241,B001EJNMXS,Birkenstock,yes
"Birkenstock Women's Thong Sandal, Rose, 7",6037,10567,,,,$137.95 ,,-,,B07ZQJVLKG,4.04373E+12,4043734658785,B001EJNMXS,Birkenstock,no
"Birkenstock Women's Modern, Black Schwarz, 8.5 AU",6012,10699,,,,$219.74 ,,-,,B00UHKR7DG,4.04071E+12,4040714632292,B001EJNMXS,Birkenstock,no
"Birkenstock Women's Tongs Sandal, Graceful Lavender Blush, 9",6057,10859,,,,$126.95 ,,-,,B08KH85BB8,4.06142E+12,4061416281984,B001EJNMXS,Birkenstock,no
Birkenstock 1014190135 Mayari Wht W/Copper Bf R 35,5973,11036,,,,$150.00 ,,-,,B07H444DVN,0802436413726,0802436413726,B001EJNMXS,Birkenstock,yes
"Birkenstock Women's Open-Back Flip Flops, Habana, 6",5972,10777,$134.95 ,2,$134.95 ,$178.95 ,$139.99 ,-,0,B00DCDK78M,4.052E+12,4052001003203,B001EJNMXS,Birkenstock,yes
"Birkenstock Women's Mayari Sandal,Black Patent,37 EU/6-6.5 M US",6055,10629,$97.32 ,10,$97.32 ,$155.00 ,$91.82 ,-,0,B001EJNMZ6,0809410643070,0809410643070,B001EJNMXS,Birkenstock,yes
"Birkenstock Women's Flip Flops, Black, 6",6001,10761,,,$109.50 ,$150.95 ,$106.10 ,-,0,B0777CWF1L,4.04448E+12,4044477107530,B001EJNMXS,Birkenstock,yes
"Birkenstock womens Slide slides, Taupe, 12-12.5",6010,11089,$129.95 ,1,$129.95 ,$129.95 ,,-,0,B085W6JLCV,4.04373E+12,4043734718663,B001EJNMXS,Birkenstock,yes
"Birkenstock Women's Mayari Sandal,Black Patent,39 EU/8-8.5 N US",5983,10106,$115.54 ,21,$115.54 ,$119.00 ,,-,0,B001EJNN4G,0809410643186,0809410643186,B001EJNMXS,Birkenstock,yes
"Birkenstock Women's Slide Sandal, ICY Metallic Anthracite, 5.5",6030,10619,,,,$146.99 ,,-,,B07ZQJ2PKS,4.04373E+12,4043734657986,B001EJNMXS,Birkenstock,no
"Birkenstock Women's Mayari Oiled Leather, Habana, 41 EU/10-10.5 N US",5992,10626,$122.14 ,3,$122.14 ,$129.95 ,,-,0,B007CGG6SK,0886454003336,0886454003336,B001EJNMXS,Birkenstock,yes
Birkenstock Women's Mayari Sandal Blue Oiled Leather Size 37 M EU,6004,10642,,,,$164.95 ,$119.95 ,-,,B07FKKGSW3,0802436409033,0802436409033,B001EJNMXS,Birkenstock,no
"Birkenstock Women's Passe-pouces Mayari Birko-flor Graceful Taupe Sandal, 4.5 Wide",5985,10681,,,,$197.95 ,$206.35 ,-,,B07YLZXKGX,4.04373E+12,4043734791567,B001EJNMXS,Birkenstock,no
"Birkenstock Women's Mayari Sandal,Black Patent,38 EU/7-7.5 N US",5937,10674,$114.00 ,1,$114.00 ,$119.00 ,,-,0,B001EJNN3W,0809410643179,0809410643179,B001EJNMXS,Birkenstock,yes
"Birkenstock Original Mayari Birko Flor Narrow Width, Black 36 (étroit)",5958,10769,$99.80 ,1,$99.80 ,$227.86 ,,-,0,B001G280Z8,4.04071E+12,4040714632254,B001EJNMXS,Birkenstock,yes
"Birkenstock Women's Mayari Oiled Leather, Habana, 39 EU/8-8.5 M US",6089,10953,,,$134.95 ,$219.95 ,,-,0,B007CGG6P8,"4052001003227, 0633841730371, 0886454003312","4052001003227, 0633841730371, 0886454003312",B001EJNMXS,Birkenstock,yes
"Birkenstock Women's Mayari Sandal,Black Patent,38 EU/7-7.5 M US",6063,10824,$93.96 ,73,$93.96 ,$155.00 ,,-,0,B001EJNMZQ,0809410643087,0809410643087,B001EJNMXS,Birkenstock,yes
"Birkenstock Women's Mayari Sandal,Silver,42 EU/11-11.5 M US",5896,10789,,,,$119.95 ,$99.95 ,-,,B001EJNMTC,0809410642943,0809410642943,B001EJNMXS,Birkenstock,no
"Birkenstock Women's Mayari Sandal,Habana,42 EU/11-11.5 M US",6045,10686,$103.98 ,1,$103.48 ,$139.95 ,$185.48 ,-,0,B007CGG4UU,0886454003251,0886454003251,B001EJNMXS,Birkenstock,yes
"Birkenstock Mayari Unisex Sandals, Blu, 43 EU",6094,10697,,,$129.95 ,$149.95 ,,-,0,B0BY98JBXB,0822698891247,0822698891247,B001EJNMXS,Birkenstock,yes
"Birkenstock Women's Mayari Sandal,Mocha,43 EU/12-12.5 M US",6015,10792,,,$133.95 ,$184.40 ,$135.00 ,-,0,B002LZUQHY,0809410632593,0809410632593,B001EJNMXS,Birkenstock,no
BIRKENSTOCK Gizeh Birko-Flor Graceful Pearl White Birko-Flor 38 (US Women's 7-7.5),13960,21560,$88.34 ,,$88.34 ,$156.36 ,$97.10 ,-,0,B004783BK2,0809410894236,0809410894236,B004EIHD18,Birkenstock,yes
"Birkenstock Women's GIzeh Thong Sandal, White, 40 N EU/9-9.5 2A(N) US",14015,21501,$95.76 ,5,$95.76 ,$202.03 ,,-,0,B000I68B7K,0736399211948,0736399211948,B004EIHD18,Birkenstock,yes
"Birkenstock Women's GIzeh Thong Sandal, Black (Birko Flor), 40 N EU/9-9.5 2A(N) US",13941,21424,,,,$199.00 ,,-,,B000I68B3O,0809410073952,0809410073952,B004EIHD18,Birkenstock,yes
"Birkenstock Women's GIzeh Thong Sandal,Graceful Pearl White 36/5-5.5 B(M) US",13855,21436,$95.00 ,1,$95.00 ,$135.00 ,,-,0,B004784Q2O,0809410894212,0809410894212,B004EIHD18,Birkenstock,yes
"Birkenstock Women's GIzeh Thong Sandal, White, 40 M EU/9-9.5 B(M) US",14469,21689,$99.95 ,1,$99.95 ,$140.44 ,,-,0,B000I638K0,0736399211863,0736399211863,B004EIHD18,Birkenstock,yes
"Birkenstock Women's Sandals, Sand Nubuk, 13-13.5 Narrow",13882,21965,,,,,,-,,B002S3435U,4.04071E+12,4040714204055,B004EIHD18,Birkenstock,no
"Birkenstock Women's GIzeh Thong Sandal, Silver, 43 M EU/12-12.5 B(M) US",14529,21317,$118.06 ,8,$118.06 ,$199.95 ,,-,0,B001BAH7CW,0809410067210,0809410067210,B004EIHD18,Birkenstock,yes
"Birkenstock Women's Sandals, Stone Birkibuc, 14-14.5 Narrow",13887,21549,,,,,,-,,B002N1GRVU,4.04071E+12,4040714777795,B004EIHD18,Birkenstock,no
"Birkenstock Gizeh, Women's Sandals, ivory (ral 1013), 5.5",14282,17916,,,,$253.95 ,$263.34 ,-,,B0CRVYDHNP,4.06665E+12,4066648035107,B004EIHD18,Birkenstock,no
"Birkenstock Unisex Sandals, Blue, 10-10.5 US Women",13496,20939,,,,$150.00 ,,-,,B000KC5Y72,4.04071E+12,4040714301273,B004EIHD18,Birkenstock,no
"Birkenstock Women's GIzeh Thong Sandal, Black (Birko Flor), 36 N EU/5-5.5 2A(N) US",14222,21568,$89.00 ,1,$89.00 ,$153.34 ,,-,0,B000I6500G,0809410073914,0809410073914,B004EIHD18,Birkenstock,yes
"Birkenstock Unisex Sandals, Blue, 9-9.5 US Women",13590,21678,,,,$151.22 ,,-,,B000KC1SQS,4.04071E+12,4040714301266,B004EIHD18,Birkenstock,no
Birkenstock Slipper Gizeh Bordeaux 36,14070,21320,$94.00 ,3,$94.00 ,$131.73 ,,-,0,B07KQ8JZDJ,4.04448E+12,4044477760070,B004EIHD18,Birkenstock,yes
"Birkenstock Gizeh Khaki EVA, WHITE-EVA/L, 7",13591,18804,$89.97 ,1,$89.97 ,$89.97 ,,-,0,B0CB2N76Z4,4.052E+12,4052001424473,B004EIHD18,Birkenstock,yes
Birkenstock Unisex Adults Gizeh Open Toe Summer T-Bar Birko Flor Sandals - Blue - W6/M4,13639,21315,,,,$236.95 ,$214.38 ,-,,B000MSVW48,4.01387E+12,4013871369202,B004EIHD18,Birkenstock,yes
Birkenstock 1005048142 Gizeh Sfb Met Copper Ltr 42,13803,21688,,,,$251.44 ,$234.59 ,-,,B01J4HELKO,0886925556828,0886925556828,B004EIHD18,Birkenstock,no
"BIRKENSTOCK Model Gizeh EVA Gold T., Gold, 9.5",14020,17926,,,,$113.44 ,$130.34 ,-,,B0B4GSW3Z5,4.06142E+12,4061417604324,B004EIHD18,Birkenstock,no
"Birkenstock Women's Flip Flops, White Varnish, 9",14002,21299,,,,$149.99 ,$109.00 ,-,,B07MXM28LG,4.052E+12,4052001504595,B004EIHD18,Birkenstock,yes
"BIRKENSTOCK Unisex Flip Flops, Blue 143621, 7.5 US Women",13813,21178,,,$119.90 ,$138.00 ,,-,0,B000MSWSSC,4.01387E+12,4013871369226,B004EIHD18,Birkenstock,yes
"Birkenstock Women's Sandals, Pool Varnish, 12-12.5 Narrow",13784,23420,,,,,,-,,B003ART6XM,4.04071E+12,4040714533360,B004EIHD18,Birkenstock,no
"Birkenstock Unisex Arizona Sandal,Mocha Birkibuc,36 N EU",308486,144413,,,,$225.00 ,$110.00 ,-,,B005G1DWLM,0809410059277,0809410059277,B000EYBKY2,Birkenstock,no
"Birkenstock Men's Arizona Soft Footbed Sandals, Antique White, 11 Medium US",2003155,1964010,$139.95 ,1,$139.95 ,$243.86 ,,-,0,B0BTBTHPTV,0192761184560,0192761184560,B000EYBKY2,Birkenstock,yes
Birkenstock Men?s Profi-Birki Blue Alpro-Foam Sandals 45 EU (M12 US) R 074071,27126,29904,$69.90 ,19,$69.90 ,$136.93 ,$118.90 ,-,0,B000MUZ2DS,4.01387E+12,4013871345404,B00GAXZQ9Q,Birkenstock,yes
Birkenstock Unisex Arizona Dark Brown Leather Sandal 40 R EU,137475,110353,$108.00 ,10,$108.00 ,$124.99 ,,-,0,B00901JRTU,0736399077575,0736399077575,B000EYBKY2,Birkenstock,yes
"Birkenstock Women's GIzeh Thong Sandal, Toffee Birko-Flor, 41 M EU/10-10.5 B(M) US",144214,263286,$99.99 ,1,$99.99 ,$135.00 ,,-,0,B005GCBIXU,0809410262752,0809410262752,B000EYBKY2,Birkenstock,yes
"Birkenstock Men's Boston Clogs, Beige Taupe Taupe, 6.5 UK",35654,26535,,,$225.13 ,$235.13 ,$248.93 ,-,1,B0026MQGT4,4.04071E+12,4040714343792,B000HDNWFK,Birkenstock,no
Birkenstock Unisex Arizona Dark Brown Leather Sandal 39 R EU,133891,271542,$93.23 ,21,$93.23 ,$125.00 ,,-,0,B00820XTQM,0736399008357,0736399008357,B000EYBKY2,Birkenstock,yes
"BIRKENSTOCK Women's 51191 Arizona Leather Sandals, Black, 10 M US",2062387,2946149,,,$147.95 ,$383.19 ,,-,0,B000MT0T00,4.01387E+12,4013871061526,B000EYBKY2,Birkenstock,yes
Birkenstock Women's Arizona Birko-Flo Black Birko-flor Sandals - 35 N EU (US Women EU's 4-4.5),1825296,1184882,,,$129.95 ,$205.21 ,,-,0,B000G6SS0W,0736399057959,0736399057959,B000EYBKY2,Birkenstock,no
"Birkenstock Arizona H SYN Indigo, Blue, 40 EU",5425501,12371630,,,,$207.95 ,$219.97 ,-,,B0BZD7R7GX,4.06142E+12,4061417838644,B000EYBKY2,Birkenstock,no
"Birkenstock Unisex Boston SFB, VL Rose, 4-4.5 Women/2-2.5 Men",35756,26637,$65.15 ,2,$65.15 ,$139.99 ,,-,0,B0BM9HW25R,0886457421427,0886457421427,B000HDNWFK,Birkenstock,yes
It's Not A Dad Bod It's Father Figure Funny Bear Beer Lovers T-Shirt,49379,42676,$17.99 ,,$17.99 ,$17.99 ,,-,0,B09XMR44PY,,,,Birkenstock,yes
"Birkenstock Boston Classic Arch Clog,Black Oiled Leather,40 M EU…",35894,26931,$145.60 ,14,$129.94 ,$145.00 ,,-,0,B004S92T1M,0809410997555,0809410997555,B000HDNWFK,Birkenstock,yes
"Birkenstock 1022510 ARIZONA EVA Women's Water Sandals, Beach Resort, dusty blue",35993,5536262,,,$133.95 ,$133.95 ,$79.85 ,-,0,B09PDZHHXH,4.06142E+12,4061417625749,B000HDNWFK,Birkenstock,no
"Birkenstock Boston Classic Arch Clog,Black Oiled Leather,38 M EU",36212,26600,$125.00 ,15,$125.00 ,$179.00 ,,-,0,B004S94JRE,0809410997463,0809410997463,B000HDNWFK,Birkenstock,yes
"Birkenstock Unisex Boston Clog,Habana Oiled Leather,38 M EU",35954,26490,,,,$250.73 ,$142.25 ,-,,B003JBHDDE,0809410438140,0809410438140,B000HDNWFK,Birkenstock,yes
"Birkenstock Boston Classic Arch Clog,Black Oiled Leather,44 M EU",36157,26688,$107.43 ,2,$107.43 ,$254.07 ,$233.83 ,-,0,B004S92VHO,0809410997418,0809410997418,B000HDNWFK,Birkenstock,yes
"Birkenstock Boston Classic Arch Clog,Tobacco Brown Leather,36 N EU",35974,26184,,,,$154.00 ,$154.00 ,-,,B004S96T7M,0809410854940,0809410854940,B000HDNWFK,Birkenstock,no
"Birkenstock Boston Classic Arch Clog,Tobacco Brown Leather,41 N EU",35544,26358,$145.48 ,4,$145.48 ,$179.00 ,,-,0,B004S96TFO,0809410854995,0809410854995,B000HDNWFK,Birkenstock,yes
"Birkenstock Men's Boston SFB Heritage Leather Black Suede, 12-12.5 Narrow",35726,26238,,,,$284.07 ,$179.00 ,-,,B000JLOFVK,0809410382917,0809410382917,B000HDNWFK,Birkenstock,no
"Birkenstock Women's Mules Open Toe Sandals, Silver, 4 UK",1843681,5974004,,,,$206.95 ,$215.49 ,-,,B07G37FJH5,"4052605930271, 4044477426013","4052605930271, 4044477426013",B000EYBKY2,Birkenstock,no
"Birkenstock Blue Footbed Casual (Sport), Medium Width, (39) Women 8-8.5",54796,60486,$60.00 ,7,$60.00 ,$119.90 ,,-,0,B001HY0HQU,0736399044256,0736399044256,B005OUIPAI,Birkenstock,yes
"Birkenstock Blue Footbed Casual (Sport), Medium Width, (41) Men 8-8.5 / Women 10-10.5",54417,59907,$60.00 ,14,$60.00 ,$119.90 ,,-,0,B001HY2A2O,0736399045086,0736399045086,B005OUIPAI,Birkenstock,yes
"BIRKENSTOCK Blue Footbed Casual (Sport), Medium Width, (38) Women 7-7.5",53610,60127,$59.25 ,7,$59.25 ,$60.00 ,,-,0,B001HY0HPQ,0736399021110,0736399021110,B005OUIPAI,Birkenstock,yes
"Birkenstock Blue Footbed Casual (Sport), Medium Width, (36) Women 5-5.5",56249,60448,$60.00 ,12,$60.00 ,$60.00 ,,-,0,B002Y4CXD2,0736399056204,0736399056204,B005OUIPAI,Birkenstock,yes
Birkenstock Women's Florida Soft Cork Footbed Sandal Mocha 40 Medium EU,59952,80567,,,,$213.56 ,$126.32 ,-,,B071VRQP6Z,4.04071E+12,4040714846705,B01BR6MK6C,Birkenstock,yes
"Birkenstock Womens Shoes Blue Footbed-Heeled Flat, Blue, 40 EU/9/Mens 7 W US",55260,59944,,,$118.35 ,$149.53 ,$143.37 ,-,0,B002Y4947U,0736399079333,0736399079333,B005OUIPAI,Birkenstock,yes
"Birkenstock Blue Footbed Casual (Sport), Medium Width, (46) Men 13-13.5",54877,60299,$60.00 ,18,$60.00 ,$119.90 ,,-,0,B001HY2A6A,0736399033533,0736399033533,B005OUIPAI,Birkenstock,yes
"BIRKENSTOCK Women's Mules, Blue, 40 EU Schmal",5336263,6429634,,,,$250.65 ,$245.98 ,-,,B000MSW1EI,4.01387E+12,4013871020813,B000EYBKY2,Birkenstock,no
Birkenstock Women's Florida Soft Footbed Birko-Flor Black Sandals - 42 EU (M9/L11 US),1955577,3666775,,,$119.95 ,$221.06 ,$125.82 ,-,0,B00AQDT8C2,4.04071E+12,4040714384764,B01BR6MK6C,Birkenstock,yes
"Birkenstock Blue Footbed Casual (Sport), Medium Width, (44) Men 11-11.5",55454,60525,$59.95 ,10,$59.13 ,$119.90 ,,-,0,B001HY44I2,0736399080841,0736399080841,B005OUIPAI,Birkenstock,yes
"Birkenstock Women's Narrow Fit Sandals, White, 6",60169,79626,,,,$179.74 ,,-,,B004329BCE,4.04071E+12,4040714891521,B09XP33DDH,Birkenstock,no
Birkenstock Unisex Adults Gizeh Toe Post EVA Lightweight Buckle Sandals - Khaki - W6/M4,59596,79217,$49.99 ,3,$49.99 ,$165.82 ,,-,0,B00LFCBLNW,4.052E+12,4052001495923,B09XP33DDH,Birkenstock,yes
"Birkenstock Women's Narrow Fit Mules, Brown Electric Metallic Copper, 9",58320,78196,,,,$136.00 ,,-,,B07MYMBW8S,4.01153E+12,4011526937011,B09XP33DDH,Birkenstock,no
Birkenstock Womens Gizeh EVA Sandals Khaki Size 36 M EU,58736,79246,$69.95 ,3,$69.95 ,$91.95 ,,-,0,B00LFCBIZ8,4.052E+12,4052001495916,B09XP33DDH,Birkenstock,yes
"Birkenstock, gray, 10.5 US",61437,72034,$125.00 ,6,$125.00 ,$125.00 ,,-,0,B09VYVDJG6,4.06142E+12,4061417304262,B09XP33DDH,Birkenstock,yes
"BIRKENSTOCK Women's Slides, Dove Gray, 10 US",60124,381013,$125.00 ,6,$125.00 ,$125.00 ,,-,0,B0B48KZPZM,4.06142E+12,4061417304224,B09XP33DDH,Birkenstock,yes
"Birkenstock, gray, 8 US",62241,358485,$125.00 ,17,$125.00 ,$125.00 ,,-,0,B09VH5F9XT,4.06142E+12,4061417304040,B09XP33DDH,Birkenstock,yes
"Birkenstock Women's Flip Flops, Brown Metallic Copper Metallic Copper, 6.5 Narrow",60165,78991,$133.15 ,1,$133.15 ,$230.95 ,$198.16 ,-,0,B01M4LU7GZ,4.05261E+12,4052605893149,B09XP33DDH,Birkenstock,yes
Birkenstock Women's Gizeh SFB Leather Regular Fit Sandal Metallic Silver-Silver-5,60116,79638,,,,$237.15 ,$235.30 ,-,,B01M7SCRTJ,4.05261E+12,4052605658526,B09XP33DDH,Birkenstock,no
"Birkenstock, gray, 7 US",60609,2224169,$125.00 ,12,$125.00 ,$205.00 ,,-,0,B09VH38Z8G,4.06142E+12,4061417304002,B09XP33DDH,Birkenstock,yes
Gizeh Essentials,59523,78866,$109.95 ,1,$109.95 ,$200.99 ,,-,0,B018G3OCUG,"0886454584781, 4052001584788","0886454584781, 4052001584788",B09XP33DDH,Birkenstock,yes
Birkenstock 12820145 Gizeh Black Eva 45,62265,79912,$39.95 ,30,$39.95 ,$39.95 ,,-,0,B07MZQ4PQY,0886454424308,0886454424308,B09XP33DDH,Birkenstock,yes
"BIRKENSTOCK Women's Slides, Dove Gray, 6 US",61432,71314,$125.00 ,5,$125.00 ,$125.00 ,,-,0,B0B4SQZ5YR,4.06142E+12,4061417303968,B09XP33DDH,Birkenstock,yes
"Birkenstock Arizona BS Unisex Shoes Size 11, Color: Stone-Brown/Oak Brown",61725,102516,$109.90 ,1,$109.90 ,$109.90 ,,-,0,B0CMCLRD7D,0809410236487,0809410236487,B09XP33DDH,Birkenstock,yes
Birkenstock Clogs ''Tokyo'' from Leather in Black 41.0 EU N,73207,84527,$134.90 ,98,$134.90 ,$160.12 ,$133.90 ,-,0,B000QE1KC2,4.01387E+12,4013871085102,B00GAXZO1G,Birkenstock,yes
"Birkenstock Original Tokyo Leather, Regular Width, Color: Blue, Size: Men 13, 46 EU",76394,84960,$129.90 ,10,$129.90 ,$142.59 ,$130.14 ,-,0,B0013W60NA,4.01387E+12,4013871194224,B00GAXZO1G,Birkenstock,yes
"Birkenstock Original Tokyo Leather, Regular Width, Color: Blue, Size: Lady 6, Men 4, 37 EU",72946,84620,$129.90 ,15,$129.90 ,$149.90 ,$132.49 ,-,0,B0013WB4I6,4.01387E+12,4013871194132,B00GAXZO1G,Birkenstock,yes
"Birkenstock Original Tokyo Leather, Regular Width, Color: Blue, Size: Lady 9, Men 7, 40 EU",74319,85476,$129.90 ,14,$129.90 ,$167.88 ,$134.47 ,-,0,B0013W4AI2,4.01387E+12,4013871194163,B00GAXZO1G,Birkenstock,yes
Birkenstock Unisex Arizona Essentials EVA White Sandals - 41 EU Narrow,60338,80021,,,,$119.95 ,$66.55 ,-,,B00LFCIIJC,4.052E+12,4052001424909,B09XP33DDH,Birkenstock,no
"BIRKENSTOCK Women's Flip Flops, Metallic Silver, 10 Narrow",60630,79733,,,,$264.95 ,$260.81 ,-,,B01M7SCRN9,4.05261E+12,4052605658588,B09XP33DDH,Birkenstock,no
"Birkenstock Women's Madrid EVA, Pink Pink Neon Pink, 4.5 UK",57380,78834,,,,$92.45 ,,-,,B00XG0YKFC,4.052E+12,4052001584382,B09XP33DDH,Birkenstock,no
"Birkenstock Women's Heels Sandals, White, 5.5",60941,79677,,,,$147.15 ,$98.85 ,-,,B00LFC4DXM,4.052E+12,4052001424459,B09XP33DDH,Birkenstock,no
Birkenstock Tokio Super Grip Natural Leather Black Size EU 45 / US M12 Narrow,73132,85226,$79.90 ,45,$79.90 ,$160.12 ,$133.90 ,-,0,B0013W8ENE,4.01387E+12,4013871085140,B00GAXZO1G,Birkenstock,yes
"Birkenstock Men's Clogs, Black, 8 US",73569,84791,$134.90 ,3,$134.90 ,$143.82 ,$133.90 ,-,0,B0013WDHU4,4.01387E+12,4013871085096,B00GAXZO1G,Birkenstock,yes
"BIRKENSTOCK Women's 51101 Arizona Leather Sandal, Dark Brown, 46",76441,120656,$109.99 ,10,$109.99 ,$207.95 ,,-,0,B000UWLZ20,4.01387E+12,4013871063865,B08L96T9SZ,Birkenstock,yes
"Birkenstock Arizona Sandals, Bf Electric Metallic Magenta, 3.5 UK 36 EU Medium 5 US",3743578,2002937,,,$108.27 ,$139.99 ,,-,0,B0BM8NXWDC,0886457433178,0886457433178,B08L96T9SZ,Birkenstock,yes
"Birkenstock Women's 51101 Arizona Leather Sandal, Dark Brown, 43",77269,113304,$106.95 ,24,$106.95 ,$437.25 ,$242.30 ,-,0,B000MSWZ94,4.01387E+12,4013871041603,B08L96T9SZ,Birkenstock,yes
Birkenstock Men's/Women's Arizona Slip-On Sandals,75110,119409,$122.35 ,20,$122.35 ,$139.95 ,,-,0,B002LZUNT0,"0792524851311, 0809410437532","0792524851311, 0809410437532",B08L96T9SZ,Birkenstock,yes
Birkenstock Unisex Arizona BS Birko-Flor Silver Sandals 10 W / 8 M US,61937,61937,,,,$108.31 ,$105.70 ,-,,B0CTN1JSD8,0886457267988,0886457267988,B001EJNJN6,Birkenstock,no
Birkenstock Women's Florida Soft Footbed Birko-Flor Navy Sandals - 42 (US Women's 11-11.5),57333,79126,$102.95 ,19,$102.95 ,$145.00 ,,-,0,B0116G62MQ,0809410064165,0809410064165,B01BR6MK6C,Birkenstock,yes
"Birkenstock Women's Florida Soft Footbed Sandal, Habana Waxy Leather, 39 M EU/ 8-8.5 M US",59981,79967,,,$154.95 ,$161.51 ,$120.00 ,-,0,B003JBHDK2,0809410847423,0809410847423,B01BR6MK6C,Birkenstock,yes
Birkenstock Women's Florida Soft Footbed Birko-Flor Navy Sandals - 40 M EU,59243,78873,,,$102.89 ,$155.00 ,,-,0,B0116G5ZHO,0809410064141,0809410064141,B01BR6MK6C,Birkenstock,yes
"Birkenstock Florida Sandals, Bf Raspberry Wine, 8 UK 42 EU Narrow 11 US",60197,81157,,,$111.60 ,$139.99 ,$71.30 ,-,0,B0BM49HY9S,0886454577745,0886454577745,B01BR6MK6C,Birkenstock,no
Birkenstock 1022510341 Arizona Dusty Blue Eva N 41,98746,121962,,,,$133.06 ,$98.24 ,-,,B09N5DNWNX,0887759628996,0887759628996,B073H46FB1,Birkenstock,yes
Birkenstock BirkoSport Arch Support Insoles Women's 7-7.5,65524,70994,$69.52 ,18,$69.52 ,$77.12 ,,-,0,B002Y4D8NG,0736399008128,0736399008128,B082YT7YQW,Birkenstock,yes
"Birkenstock Birko Arch Support-Sport, Blue 1, 36 (US Women's 5-5.5) Medium",65168,71142,$70.00 ,1,$70.00 ,$70.00 ,,-,0,B002Y4IFWU,"0736399031768, 0822698010433","0736399031768, 0822698010433",B082YT7YQW,Birkenstock,yes
Birkenstock BirkoSport Arch Support Insoles Men's 9-9.5,65014,69760,$69.95 ,8,$69.89 ,$70.00 ,,-,0,B002Y4GCH0,0736399023923,0736399023923,B082YT7YQW,Birkenstock,yes
Birkenstock 1022510339 Arizona Dusty Blue Eva N 39,98848,247692,$88.98 ,1,$88.98 ,$120.38 ,$79.95 ,-,0,B09N5G2D5J,0887759628934,0887759628934,B073H46FB1,Birkenstock,yes
Birkenstock Replacement Footbed Kork for Super Birki Black - 43,78245,111697,$29.90 ,185,$29.90 ,$71.89 ,$51.90 ,-,0,B01AIH74PI,4.05261E+12,4052605220822,B0755HK9TC,Birkenstock,yes
Birkenstock Replacement Footbed Kork for Super Birki Black - 40,78355,111340,$27.90 ,166,$27.90 ,$55.00 ,$51.90 ,-,0,B01AIH7CAU,4.05261E+12,4052605220761,B0755HK9TC,Birkenstock,yes
"Birkenstock Women's Gizeh Adjustable Thong Sandals (Gizeh Graceful Taupe Birko-Flor, US Footwear Size System, Adult, Women, Numeric Range, Medium, 4, 4.5)",36210,16471,$99.95 ,11,$99.95 ,$99.95 ,,-,0,B0CRG1R6M3,0736399995893,0736399995893,B0CZ1F1X1L,Birkenstock,yes
Birkenstock Gizeh - Gold Birko-Flor EU 40,33797,15803,$99.95 ,16,$99.95 ,$99.95 ,,-,0,B0CRFZYTQ5,0736399995824,0736399995824,B0CZ1F1X1L,Birkenstock,yes
Birkenstock Gizeh - Silver Birko-Flor EU 37,36705,16596,$99.95 ,20,$99.95 ,$99.95 ,,-,0,B0CRFWPJP6,0736399996029,0736399996029,B0CZ1F1X1L,Birkenstock,yes
Birkenstock Gizeh - Metallic Copper Birko-Flor EU 37,35753,16141,$99.95 ,16,$99.95 ,$99.95 ,,-,0,B0CRFZZF1H,0736399995978,0736399995978,B0CZ1F1X1L,Birkenstock,yes
Birkenstock Gizeh - Graceful Pearl Birko-Flor EU 39,33227,15697,$99.95 ,11,$99.95 ,$99.95 ,,-,0,B0CRFVL9R8,0736399995879,0736399995879,B0CZ1F1X1L,Birkenstock,yes
Birkenstock Gizeh - Graceful Pearl Birko-Flor EU 37,37691,16850,$99.95 ,28,$99.95 ,$99.95 ,,-,0,B0CRG6VMKX,0736399995855,0736399995855,B0CZ1F1X1L,Birkenstock,yes
Birkenstock Gizeh - Silver Birko-Flor EU 39,39328,17425,$99.95 ,11,$99.95 ,$99.95 ,,-,0,B0CRFWX9QS,0736399996043,0736399996043,B0CZ1F1X1L,Birkenstock,yes
Birkenstock Gizeh - Metallic Copper Birko-Flor EU 40,38932,17383,$99.95 ,7,$99.95 ,$99.95 ,,-,0,B0CRFXF5QS,0736399996005,0736399996005,B0CZ1F1X1L,Birkenstock,yes
Birkenstock Gizeh - Gold Birko-Flor EU 35,35065,16179,$99.95 ,11,$99.95 ,$99.95 ,,-,0,B0CRG29XC4,0736399995770,0736399995770,B0CZ1F1X1L,Birkenstock,yes
Birkenstock Gizeh - Gold Birko-Flor EU 39,33727,16198,$99.95 ,12,$99.95 ,$99.95 ,,-,0,B0CRFZXQ36,0736399995817,0736399995817,B0CZ1F1X1L,Birkenstock,yes
Birkenstock Gizeh - Silver Birko-Flor EU 38,34053,15826,$99.95 ,8,$99.95 ,$99.95 ,,-,0,B0CRFQ5CPR,0736399996036,0736399996036,B0CZ1F1X1L,Birkenstock,yes
"Birkenstock Women's Gizeh Adjustable Thong Sandals (Gizeh Graceful Taupe Birko-Flor, US Footwear Size System, Adult, Women, Numeric Range, Medium, 5, 5.5)",34349,16148,$99.95 ,6,$99.95 ,$99.95 ,,-,0,B0CRG1PB7G,0736399995909,0736399995909,B0CZ1F1X1L,Birkenstock,yes
Birkenstock Gizeh - Silver Birko-Flor EU 39 Narrow,36994,16721,$99.95 ,22,$99.95 ,$99.95 ,,-,0,B0CRFWNLX6,0736399996111,0736399996111,B0CZ1F1X1L,Birkenstock,yes
Birkenstock Gizeh - Graceful Pearl Birko-Flor EU 35,35381,16162,$99.95 ,12,$99.95 ,$99.95 ,,-,0,B0CRFZ7V4D,0736399996203,0736399996203,B0CZ1F1X1L,Birkenstock,yes
Birkenstock Gizeh - Graceful Pearl Birko-Flor EU 40,36200,16355,$99.95 ,13,$99.95 ,$99.95 ,,-,0,B0CRG1H1SL,0736399995886,0736399995886,B0CZ1F1X1L,Birkenstock,yes
Birkenstock Gizeh - Metallic Copper Birko-Flor EU 35,33076,15670,$99.95 ,11,$99.95 ,$99.95 ,,-,0,B0CRFY13RK,0736399995954,0736399995954,B0CZ1F1X1L,Birkenstock,yes
Birkenstock Gizeh - Silver Birko-Flor EU 40 Narrow,37357,16710,$99.95 ,10,$99.95 ,$99.95 ,,-,0,B0CRG3NSR8,0736399996128,0736399996128,B0CZ1F1X1L,Birkenstock,yes
Birkenstock Gizeh - Metallic Copper Birko-Flor EU 36,32406,15611,$99.95 ,9,$99.95 ,$99.95 ,,-,0,B0CRFWP7PY,0736399995961,0736399995961,B0CZ1F1X1L,Birkenstock,yes
Birkenstock Gizeh - Silver Birko-Flor EU 36 Narrow,36333,16566,$99.95 ,12,$99.95 ,$99.95 ,,-,0,B0CRFX144W,0736399996081,0736399996081,B0CZ1F1X1L,Birkenstock,yes
Birkenstock Gizeh - Silver Birko-Flor EU 37 Narrow,452673,167935,$99.95 ,21,$99.95 ,$99.95 ,,-,0,B0CRFXTBZP,0736399996098,0736399996098,B0CZ1F1X1L,Birkenstock,yes
Birkenstock Gizeh - Silver Birko-Flor EU 35,35991,16198,$99.95 ,12,$99.95 ,$99.95 ,,-,0,B0CRFWKXB4,0736399996067,0736399996067,B0CZ1F1X1L,Birkenstock,yes
Birkenstock Gizeh - Graceful Pearl Birko-Flor EU 36,35566,16296,$99.95 ,20,$99.95 ,$99.95 ,,-,0,B0CRG217ZB,0736399995848,0736399995848,B0CZ1F1X1L,Birkenstock,yes
"Birkenstock Women's Gizeh Adjustable Thong Sandals (Gizeh Graceful Taupe Birko-Flor, US Footwear Size System, Adult, Women, Numeric Range, Medium, 6, 6.5)",32965,15308,$99.95 ,17,$99.95 ,$99.95 ,,-,0,B0CRFZ562G,0736399995916,0736399995916,B0CZ1F1X1L,Birkenstock,yes
Birkenstock Gizeh - Silver Birko-Flor EU 35 Narrow,31008,15054,$99.95 ,12,$99.95 ,$99.95 ,,-,0,B0CRFYKSCQ,0736399996074,0736399996074,B0CZ1F1X1L,Birkenstock,yes
"Birkenstock Unisex Honolulu EVA Sandal, Navy, 36 R EU",95037,519248,,,,$79.95 ,$79.95 ,-,,B08CPV3L5Y,0802436769007,0802436769007,B08P154LKZ,Birkenstock,no
Birkenstock 1019055140 Honolulu Purple Fog Eva R 40,95451,520356,,,,$92.01 ,$79.95 ,-,,B08P29GLNJ,0822698701881,0822698701881,B08P154LKZ,Birkenstock,no
Birkenstock Gizeh - Graceful Pearl Birko-Flor EU 38,34671,16082,$99.95 ,22,$99.95 ,$99.95 ,,-,0,B0CRG1F1FC,0736399995862,0736399995862,B0CZ1F1X1L,Birkenstock,yes
Birkenstock Gizeh - Gold Birko-Flor EU 38,34142,15788,$99.95 ,7,$99.95 ,$99.95 ,,-,0,B0CRFTRRBY,0736399995800,0736399995800,B0CZ1F1X1L,Birkenstock,yes
Birkenstock Gizeh - Silver Birko-Flor EU 38 Narrow,34016,15685,$99.95 ,22,$99.95 ,$99.95 ,,-,0,B0CRFR6J2Q,0736399996104,0736399996104,B0CZ1F1X1L,Birkenstock,yes
"Birkenstock Women's Madrid Big Buckle Sandals, Cognac Oiled Leather, 35 Narrow",115615,190679,$139.95 ,7,$139.95 ,$139.95 ,,-,0,B0CRC7YS59,0736399995657,0736399995657,B079PRFQBM,Birkenstock,yes
"Birkenstock Mens Arizona Leather Open Toe Slip On Slippers, Mocha, Size 11.0",134817,109761,$109.00 ,1,$109.00 ,$139.22 ,$108.88 ,-,0,B07N152D92,0809410059239,0809410059239,,Birkenstock,yes
"Birkenstock Girl's Sandal, Kaki, 6 us",114529,1341396,,,,$81.95 ,$79.95 ,-,,B08NXJRFPP,4.06142E+12,4061416489380,B079PRFQBM,Birkenstock,no
"Birkenstock Women's Madrid Big Buckle Sandals, Black Oiled Leather, 39 Narrow",114013,194785,,,,$147.06 ,,-,,B0CRCB29V8,0736399995640,0736399995640,B079PRFQBM,Birkenstock,yes
"Birkenstock Women's Madrid Big Buckle Sandals, Cognac Oiled Leather, 36 Narrow",110539,188472,$139.95 ,2,$139.95 ,$139.95 ,,-,0,B0CRCKCC81,0736399995664,0736399995664,B079PRFQBM,Birkenstock,yes
"Birkenstock Women's Madrid Big Buckle Sandals, Black Oiled Leather, 35 Narrow",112123,199072,$139.95 ,11,$139.95 ,$139.95 ,,-,0,B0CRCND76N,0736399995602,0736399995602,B079PRFQBM,Birkenstock,yes
"Birkenstock Women's Madrid Big Buckle Sandals, White, EU 38 (US 7-7.5)",127137,127137,,,,$260.65 ,$260.65 ,-,,B09F2T5NHB,4.06142E+12,4061416277536,B079PRFQBM,Birkenstock,yes
"Birkenstock Women's Madrid Big Buckle Sandals, Black Oiled Leather, 37 Narrow",116533,194768,$139.95 ,14,$139.95 ,$139.95 ,,-,0,B0CRCFMXQC,0736399995626,0736399995626,B079PRFQBM,Birkenstock,yes
"Birkenstock Women's Madrid Big Buckle Sandals, Cognac Oiled Leather, 38 Narrow",117033,190379,,,,$139.95 ,,-,,B0CRCKBPRH,0736399995688,0736399995688,B079PRFQBM,Birkenstock,yes
"Birkenstock Women's Madrid Big Buckle Sandals, Black Oiled Leather, 38 Narrow",112681,207329,$139.95 ,4,$139.95 ,$139.95 ,,-,0,B0CRC7JV1C,0736399995633,0736399995633,B079PRFQBM,Birkenstock,yes
Birkenstock Women's Madrid Big Buckle Narrow Fit Sandal Graceful Licorice-5 Black,118383,206406,,,,$230.95 ,$241.26 ,-,,B07KYF6GC2,4.03985E+12,4039854763744,B079PRFQBM,Birkenstock,no
"Birkenstock Women's Madrid Big Buckle Sandals, Orchid, Purple, Pink, 7 Medium US",112091,219575,,,,$233.18 ,$164.31 ,-,,B09MSMBRM1,0887759510710,0887759510710,B079PRFQBM,Birkenstock,no
Birkenstock Women's Florida Soft Footbed Birko-Flor Black Sandals - 39 Narrow EU,71731,196887,$124.95 ,2,$124.95 ,$235.00 ,,-,0,B01I4AN75C,0809410384645,0809410384645,B00H88O92C,Birkenstock,yes
Birkenstock Arizona Blue Womens Leather Sandals Shoes,81764,78688,$118.97 ,2,$118.97 ,$131.00 ,,-,0,B000K05GIG,4.01387E+12,4013871049043,B01MSYS2UL,Birkenstock,yes
"Birkenstock Men's Arizona Shearling Sandals, White Wool, 8 Medium US",78844,177606,,,,$228.44 ,$155.05 ,-,,B08CS144YR,0822698495001,0822698495001,B01MSYS2UL,Birkenstock,no
"Birkenstock Women's Tongs Sandal, Graceful Lavender Blush, 8",83744,78460,,,,$126.95 ,$89.99 ,-,,B08KHMQ21T,4.06142E+12,4061416281946,B01MSYS2UL,Birkenstock,no
"Birkenstock Boston VL Shearling Suede Leather Unisex Shoes Size 9, Color: Brownish-Brown",86627,83506,$169.90 ,2,$169.90 ,$169.90 ,,-,0,B0CRK5G2NT,0809410688552,0809410688552,B01MSYS2UL,Birkenstock,yes
Birkenstock 1025007140 Mayari V Pecan Bb R 40,81062,78154,,,,$190.05 ,$188.23 ,-,,B0BTN2PN6W,0192761300601,0192761300601,B01MSYS2UL,Birkenstock,no
"Birkenstock Women's Arizona Sandal, Concrete Gray, 6",184436,390273,,,,$199.00 ,,-,,B08NXVCJG9,4.06142E+12,4061416643447,B0816GTS1V,Birkenstock,no
"Birkenstock Women's Arizona Sandal, Shiny Python Eggshell Gold, 7",82371,79264,,,,$237.73 ,,-,,B08M49F68K,4.06142E+12,4061416448608,B01MSYS2UL,Birkenstock,no
"Birkenstock Women's 1016417_40 Slides, Gold, Women 2",82417,77914,,,,$132.50 ,,-,,B084KBQHR6,4.04373E+12,4043734795008,B01MSYS2UL,Birkenstock,no
"Birkenstock Boston VL Shearling Suede Leather Unisex Shoes Size 10, Color: Brownish-Brown",85140,454340,$169.90 ,1,$169.90 ,$169.90 ,,-,0,B0CRK7R4BF,0809410009388,0809410009388,B01MSYS2UL,Birkenstock,yes
Gizeh,82257,78454,$121.48 ,1,$121.48 ,$121.48 ,,-,0,B000KC5XGY,4.04071E+12,4040714129303,B01MSYS2UL,Birkenstock,yes
Birkenstock Milton Black Suede 45 (US Men's 12-12.5) Regular,82181,186132,,,,$219.95 ,$219.95 ,-,,B094W78YNB,0822698266663,0822698266663,B01MSYS2UL,Birkenstock,no
"Birkenstock Women's Boston Shearling Clogs, Light Rose/Light Rose, Pink, 8 Narrow Women/6 Men",83074,77918,,,,$300.73 ,$269.06 ,-,,B09F9CLH9V,0886454801901,0886454801901,B01MSYS2UL,Birkenstock,no
"Birkenstock Boston VL Shearling Suede Leather Unisex Shoes Size 13, Color: Brownish-Brown",85623,82767,$169.90 ,1,$169.90 ,$169.90 ,,-,0,B0CRJNY5VF,0809410705358,0809410705358,B01MSYS2UL,Birkenstock,yes
"Birkenstock Unisex Arizona Sandal,Habana Oiled Leather,46 M EU",511703,464319,,,$132.43 ,$235.52 ,,-,0,B002LZUNPY,0809410437501,0809410437501,B08Y67YHHL,Birkenstock,yes
Birkenstock Women's Florida Soft Footbed Birko-Flor Black Sandals - 40 Narrow EU,71389,179488,$124.95 ,2,$124.95 ,$235.00 ,,-,0,B06XJLJT7H,0809410384652,0809410384652,B00H88O92C,Birkenstock,yes
Birkenstock Women's Florida Soft Footbed Birko-Flor Black Sandals - 41 Normal,76082,193443,$119.95 ,1,$119.95 ,$151.33 ,,-,0,B000XW6YEQ,4.04071E+12,4040714384757,B00H88O92C,Birkenstock,yes
"Birkenstock Women's Madrid Big Buckle Sandals, Black Oiled Leather, 36 Narrow",109437,199058,$139.95 ,17,$139.95 ,$139.95 ,,-,0,B0CRCGBQGS,0736399995619,0736399995619,B079PRFQBM,Birkenstock,yes
Birkenstock Unisex Mayari Synthetic Black Sandals 13 W / 11 M US,159355,145595,$98.95 ,21,$98.95 ,$118.95 ,,-,0,B06VWVWV31,0809410813367,0809410813367,B0C2GQT3B8,Birkenstock,yes
"Birkenstock Womens Gizeh Slide Sandal, Blue, 41 M EU",81188,79760,$106.68 ,1,$106.68 ,$135.58 ,,-,0,B0091FMVRU,0736399369243,0736399369243,B01MSYS2UL,Birkenstock,yes
Birkenstock 1017996337 Arizona Active Red Eva N 37,157513,379918,$49.89 ,1,$49.89 ,$109.74 ,$49.90 ,-,0,B08J1BDV9X,0822698469064,0822698469064,B0816GTS1V,Birkenstock,yes
"Birkenstock Women's Sandals, Habana, 11-11.5",2241076,3443544,$125.00 ,1,$125.00 ,$220.95 ,,-,0,B001G2L97Y,4.04071E+12,4040714644714,B079JCM71S,Birkenstock,yes
Birkenstock Unisex Gizeh Birko-Flor Magic Snake Black Sandals 9 W / 7 M US,161739,1487636,$174.89 ,20,$174.89 ,$174.89 ,,-,0,B075X2CT7G,4.05406E+12,4054056992648,B079JCM71S,Birkenstock,yes
Birkenstock Girl's Mayari (Toddler/Little Kid/Big Kid) Black EU 32 (US 1-1.5 Little Kid) Narrow,266928,320262,$78.00 ,2,$78.00 ,$144.45 ,,-,0,B07VRMJKJD,0802436790735,0802436790735,B07CS9Z7Z7,Birkenstock,yes
Birkenstock Womens Mayari Holiday Birko-Flor Beach Summer Flat Sandals - White - 7,260777,318758,$101.22 ,19,$101.22 ,$146.07 ,,-,0,B00UJT11UU,"4040714632360, 0887759837589","4040714632360, 0887759837589",B07CS9Z7Z7,Birkenstock,yes
"Birkenstock Franca Narrow Unisex Shoes Size 4, Color: Tabacco Brown-Brown",254377,333247,$129.90 ,2,$129.90 ,$129.90 ,,-,0,B0C7BHZZ89,0809410482549,0809410482549,B07CS9Z7Z7,Birkenstock,yes
"Birkenstock Zermatt Premium Shearling Suede Leather Unisex Shoes Size 12, Color: Mild Shadow Dim Black-Black",169144,220816,$144.90 ,1,$144.90 ,$144.90 ,,-,0,B0CR6ZMSB2,0809410374691,0809410374691,B074KPK8JG,Birkenstock,yes
"Birkenstock Utti Suede Leather Unisex Shoes Size 9, Color: Taupe-Brown",267312,670961,$149.90 ,1,$149.90 ,$149.90 ,,-,0,B0CR6YW63W,0192761336426,0192761336426,B07CS9Z7Z7,Birkenstock,yes
"Birkenstock Boston VL Shearling Suede Leather Unisex Shoes Size 13, Color: Black",255356,276413,$169.90 ,1,$169.90 ,$169.90 ,,-,0,B0CRGTR72F,0809410450524,0809410450524,B07CS9Z7Z7,Birkenstock,yes
"Birkenstock Boston VL Shearling Suede Leather Unisex Shoes Size 12, Color: Black",260077,350484,$169.90 ,1,$169.90 ,$169.90 ,,-,0,B0CRGZHKJN,0809410205674,0809410205674,B07CS9Z7Z7,Birkenstock,yes
"Birkenstock Boston VL Shearling Suede Leather Unisex Shoes Size 8, Color: Black",287253,330351,$169.90 ,1,$169.90 ,$169.90 ,,-,0,B0CRH6S6XM,0809410391599,0809410391599,B07CS9Z7Z7,Birkenstock,yes
"Birkenstock Boston Eva Unisex Shoes Size 13, Color: Navy-Blue",161928,185414,,,$134.83 ,$134.83 ,$122.04 ,-,1,B0CR6Y4ZDG,0192761604938,0192761604938,B074KPK8JG,Birkenstock,no
"Birkenstock Unisex Professional Boston Super Grip Leather Slip Resistant Work Shoe,Black,44 M EU",171790,169285,$119.95 ,3,$119.95 ,$179.00 ,$123.76 ,-,0,B005AUSHWS,0736399900323,0736399900323,B07J5KTNYK,Birkenstock,yes
Birkenstock Unisex Professional Boston Super Grip Leather Slip Resistant Work Shoe - White - Size 44 (13 Women/11 Men),174163,171198,,,,$189.00 ,$189.00 ,-,,B003V6SXM2,0736399084146,0736399084146,B07J5KTNYK,Birkenstock,no
Birkenstock 1014190138 Mayari Wht W/Copper Bf R 38,120828,179058,,,,$152.88 ,$84.95 ,-,,B07H45VHQY,0802436413818,0802436413818,B0C6Z24282,Birkenstock,no
Birkenstock Super Grip Professional Boston Clog Black - Size 39 - [BB129-39],171888,167209,$119.90 ,45,$119.90 ,$150.00 ,$122.72 ,-,0,B00UJFUBQO,4.01387E+12,4013871900276,B07J5KTNYK,Birkenstock,yes
"Birkenstock Unisex Professional Boston Super Grip Leather Slip Resistant Work Shoe,Black,46 M EU",178255,169884,$119.95 ,12,$119.95 ,$165.00 ,$119.25 ,-,0,B005AUSHKK,0736399900347,0736399900347,B07J5KTNYK,Birkenstock,yes
Birkenstock 1024052136 Franca Br Cognc Oil LTR R 36,417402,4020502,$134.95 ,2,$134.95 ,$135.00 ,$164.94 ,-,0,B0BZQFSPFN,0192761037606,0192761037606,B0CVNPTKZ9,Birkenstock,yes
"Birkenstock Womens Yara Leather Open Toe Casual Strappy Sandals, Mocha, Size 9.0",207889,295489,,,,$188.99 ,$135.00 ,-,,B0791KXG19,0886457213985,0886457213985,B00ES8FEQ0,Birkenstock,no
"Birkenstock Unisex-Adult Arizona Adjustable Sandals (Velvet Gray Suede Soft Footbed, US Footwear Size System, Adult, Women, Numeric Range, Narrow, 8, 8.5)",35086,15679,,,$139.95 ,$139.95 ,,-,0,B0CR5C5P6K,0736399994841,0736399994841,B0CZ1MTFP8,Birkenstock,yes
"Birkenstock Men's Clogs, Brown (Habana), 6-6.5",196158,326659,,,$160.00 ,$333.31 ,,-,0,B000UYT85Y,4.04071E+12,4040714438122,B07C9X4GCM,Birkenstock,yes
"Birkenstock Women's Yara Leather Ankle-Strap Sandal,Habana,41 EU/10 M US",203161,296902,$131.55 ,1,$131.55 ,$227.94 ,$135.00 ,-,0,B002S3C2S0,"0809410776440, 4040714776446","0809410776440, 4040714776446",B00ES8FEQ0,Birkenstock,yes
"Birkenstock Women's GIzeh Thong Sandal, Graceful Antique Lace, 41 N EU/10-10.5 2A(N) US",248701,272216,,,,$119.95 ,$119.95 ,-,,B005GCBIRG,0809410949080,0809410949080,B07ZZDZF7X,Birkenstock,yes
"Birkenstock Women's Clogs, Brown Habana, Womens 8",200488,305085,,,$149.95 ,$501.80 ,,-,0,B000UWN9WE,"0792524854299, 4040714438184","0792524854299, 4040714438184",B07C9X4GCM,Birkenstock,no
"Birkenstock Men's Arizona Sandals, Active Red, 12 Medium US",226944,251881,,,$56.99 ,$96.22 ,,-,0,B08TRM662W,0822698469330,0822698469330,B08431P38M,Birkenstock,no
"Birkenstock Women's Clogs and Mules, White, 7.5",204593,318553,,,,$160.12 ,$143.09 ,-,,B000UWNVW2,4.01387E+12,4013871084259,B07C9X4GCM,Birkenstock,no
"Birkenstock Unisex Clogs, White, 6 US Men",210300,327066,,,,$160.12 ,,-,,B000QE2P08,4.01387E+12,4013871084235,B07C9X4GCM,Birkenstock,no
"Birkenstock Unisex's Clogs and Mules, Black, 8 us",215583,332871,,,,$160.12 ,$143.90 ,-,,B0013W9HF8,4.01387E+12,4013871900405,B07C9X4GCM,Birkenstock,no
"Birkenstock Clogs, Black, 4.5 US Unisex Big Kid",221021,343268,,,,$252.95 ,,-,,B000MSY4QG,4.01387E+12,4013871061533,B07C9X4GCM,Birkenstock,no
Birkenstock Arizona - Birko-Flor Gold Birko-Flor EU 37 Narrow,38385,16873,$109.95 ,16,$109.95 ,$109.95 ,,-,0,B0CR4G9BDV,0736399993394,0736399993394,B0CZ1MTFP8,Birkenstock,yes
Birkenstock Unisex Mayari Oiled Leather Olive Sandals 9 W / 7 M US,285635,552143,$104.95 ,5,$104.95 ,$264.95 ,,-,0,B0BK24T5L3,4.06142E+12,4061417903885,B0BHXKHKP4,Birkenstock,yes
Birkenstock Unisex Mayari Oiled Leather Olive Sandals 6 W / 4 M US,271142,314186,$129.95 ,12,$129.95 ,$161.27 ,,-,0,B0BK23V97Y,4.06142E+12,4061417903762,B0BHXKHKP4,Birkenstock,yes
Birkenstock Unisex Mayari Oiled Leather Olive Sandals 10 W / 8 M US,282442,334569,$129.95 ,9,$129.95 ,$149.50 ,,-,0,B0BK231T1T,4.06142E+12,4061417903922,B0BHXKHKP4,Birkenstock,yes
"Birkenstock Men's Arizona Sandals, Active Red, 13-13.5 Women/11-11.5 Men",225607,264273,,,$56.99 ,$114.24 ,,-,0,B08TRNDCCB,0822698469309,0822698469309,B08431P38M,Birkenstock,yes
"Birkenstock Men's Arizona Soft Footbed Slides, Stone Coin, Grey, 11 Medium US",239036,252034,$166.63 ,92,$166.63 ,$250.73 ,$243.36 ,-,0,B09G8KB1SX,0886454807002,0886454807002,B004S98O6G,Birkenstock,yes
Birkenstock 1022376338 Arzizona V White Bb N 38,254993,256837,,,$170.00 ,$199.93 ,,-,0,B09N5BS6CQ,0887759588252,0887759588252,B004S98O6G,Birkenstock,yes
"Birkenstock Franca Braided Leather Unisex Shoes Size 4, Color: Multi-Brown",237105,263241,$134.90 ,1,$134.90 ,$134.90 ,,-,0,B0CFD5XWRM,0809410559944,0809410559944,B004S98O6G,Birkenstock,yes
"Birkenstock Women's Granada Soft Footbed Sandal,Black Oiled Leather,42 N EU",230317,252776,$110.00 ,14,$110.00 ,$266.52 ,$211.13 ,-,0,B004S995UK,0809410997968,0809410997968,B004S98O6G,Birkenstock,yes
"Birkenstock Women's Granada Soft Footbed Sandal,Black Oiled Leather,39 M EU",240860,242950,,,$149.95 ,$235.94 ,$217.68 ,-,0,B004S14VMA,0809410997845,0809410997845,B004S98O6G,Birkenstock,yes
"Birkenstock Women's Granada Soft Footbed Sandal,Habana Oiled Leather,36 M EU",226942,246540,,,$218.41 ,$259.07 ,$217.64 ,-,1,B002LZUPIY,0809410759351,0809410759351,B004S98O6G,Birkenstock,no
BIRKENSTOCK Women's Arizona Sandal Taupe Suede Size 38 M EU,243506,255757,,,,$149.95 ,$98.95 ,-,,B07N14ZYTQ,0736399065831,0736399065831,B004S98O6G,Birkenstock,no
"Birkenstock Franca Braided Leather Unisex Shoes Size 5, Color: Multi-Brown",245682,255383,$134.90 ,1,$134.90 ,$134.90 ,,-,0,B0CFD46YVY,0809410559937,0809410559937,B004S98O6G,Birkenstock,yes
"Birkenstock Women's Granada, Black Oiled Leather, 9-9.5 M US",240649,242372,,,$149.94 ,$235.94 ,,-,0,B004S14VU2,0809410997852,0809410997852,B004S98O6G,Birkenstock,no
Birkenstock Women's Arizona Birko-Flo Dark Brown Birko-flor Sandals - 37 N EU (US Women EU's 6-6.5),225683,81396,$87.07 ,15,$87.07 ,$154.88 ,$81.00 ,-,0,B000I653BC,0736399078770,0736399078770,,Birkenstock,yes
Birkenstock Unisex Mayari Birko-Flor Nubuck Black Sandals 6 W / 4 M US,456465,589621,$78.99 ,2,$78.99 ,$135.00 ,$113.73 ,-,0,B07BBLHKT4,0886457104405,0886457104405,B08JSS5PBJ,Birkenstock,yes
"Birkenstock Papillio Women's Namica Suede Leather Wedge Sandals, Black, EU 36 (US 5-5.5)",321634,807777,$144.95 ,1,$144.95 ,$144.95 ,,-,0,B0CLJNDNHD,4.06142E+12,4061416082604,B0764LP9HS,Birkenstock,yes
"Birkenstock Women's Granada Soft Footbed Sandal,Black Oiled Leather,38 M EU",239278,252685,,,$149.95 ,$251.37 ,,-,0,B004S0XBYA,0809410997838,0809410997838,B004S98O6G,Birkenstock,yes
Birkenstock back strap Milano from Birko-Flor in dark brown with a regular insole,252560,312895,$104.81 ,2,$104.81 ,$128.00 ,,-,0,B000UWP256,4.01387E+12,4013871076322,B003AM95EM,Birkenstock,yes
Birkenstock Men's Arizona Sandal White Birko-Flor Size 44 M EU,649935,223248,$109.04 ,7,$108.94 ,$131.34 ,,-,0,B07N1549G6,0886454327814,0886454327814,B0CZJPHWXH,Birkenstock,yes
"Birkenstock Arizona - Leather (Unisex) Black Leather EU 39 (US Men's 6-6.5, Women's 8-8.5) Regular",461082,347477,,,$129.00 ,$213.79 ,$109.99 ,-,0,B000JLKGOU,0736399009231,0736399009231,B0C5F67S8X,Birkenstock,no
"BIRKENSTOCK Men's Clogs Clogs , Noir Black , 9 US",482609,539508,,,,$235.13 ,$248.93 ,-,,B07CVN7GG1,4.04071E+12,4040714383002,B07J4LQPHY,Birkenstock,yes
Mary,239367,244927,$165.00 ,3,$165.00 ,$169.70 ,,-,0,B09K4CKM39,4.06142E+12,4061416135782,B0C88ZMGFP,Birkenstock,yes
Birkenstock 1018941330 Arizona Kid White Eva N 30,348815,681994,$34.95 ,1,$34.95 ,$95.00 ,$74.00 ,-,0,B08P3QHR11,0822698676745,0822698676745,B0792HC62X,Birkenstock,yes
Birkenstock 1018924329 Arizona Kid Black Eva N 29,332278,681881,,,$59.00 ,$91.50 ,$78.00 ,-,0,B08P3NYJ35,0822698677421,0822698677421,B0792HC62X,Birkenstock,no
Birkenstock 1018941329 Arizona Kid White Eva N 29,297965,668250,$34.95 ,,$34.95 ,$79.95 ,$86.72 ,-,0,B08P3QSJNT,0822698676714,0822698676714,B0792HC62X,Birkenstock,yes
Birkenstock 1018941331 Arizona Kid White Eva N 31,351679,704934,$34.95 ,1,$34.95 ,$91.56 ,$79.00 ,-,0,B08P3QDB7D,0822698676776,0822698676776,B0792HC62X,Birkenstock,yes
Birkenstock Arizona EVA (Toddler/Little Kid/Big Kid) White Eva EU 26 (US 8.5 Toddler) Narrow,325875,623542,,,,$34.95 ,,-,,B09TVBKSS5,0822698676622,0822698676622,B0792HC62X,Birkenstock,yes
"Birkenstock Unisex-Adult Arizona Adjustable Sandals (Mocha Suede Soft Footbed, US Footwear Size System, Adult, Women, Numeric Range, Narrow, 8, 8.5)",34775,15782,,,$139.95 ,$139.95 ,,-,0,B0CR5M1HCH,0736399994728,0736399994728,B0CZ1MTFP8,Birkenstock,yes
"Birkenstock Unisex-Adult Arizona Adjustable Sandals (Black Birko-Flor Soft Footbed, US Footwear Size System, Adult, Women, Numeric Range, Narrow, 8, 8.5)",55428,23070,$109.95 ,1,$109.95 ,$109.95 ,,-,0,B0CR5H76N5,0736399994667,0736399994667,B0CZ1MTFP8,Birkenstock,yes
"Birkenstock Arizona Shearling Narrow Unisex Shoes Size 8, Color: Black",229353,231467,$144.90 ,1,$144.90 ,$144.90 ,,-,0,B0CRCVNXZ3,0809410066152,0809410066152,B01NCNBCCK,Birkenstock,yes
Birkenstock Arizona Navy Birko-Flor Soft Footbed Sandal 41 R (US Women's 10-10.5),220482,227146,$85.28 ,1,$85.28 ,$135.00 ,,-,0,B07N13ZNVJ,0736399589511,0736399589511,B01NCNBCCK,Birkenstock,yes
Birkenstock Unisex Arizona Essentials EVA Sandal Multi Purple Fog 41 N EU,224088,238289,$65.00 ,1,$65.00 ,$121.88 ,,-,0,B0977QYFJJ,0886454725856,0886454725856,B01NCNBCCK,Birkenstock,yes
"Birkenstock Arizona Shearling Suede Leather Unisex Shoes Size 8, Color: Darkest Shadow Black-Black",227160,229388,$159.90 ,1,$159.90 ,$159.90 ,,-,0,B0CR71FDW9,0809410378231,0809410378231,B01NCNBCCK,Birkenstock,yes
"Birkenstock Arizona Shearling Suede Leather Unisex Shoes Size 9, Color: Star Core Black-Black",213188,221194,$159.90 ,1,$159.90 ,$159.90 ,,-,0,B0CRJZYF2D,0809410293282,0809410293282,B01NCNBCCK,Birkenstock,yes
Birkenstock Unisex Arizona Essentials EVA Metallic Anthracite Sandals - 40 Narrow EU,228674,503784,$50.62 ,4,$50.62 ,$107.48 ,$79.95 ,-,0,B06XC55NXK,0886925302685,0886925302685,B01NCNBCCK,Birkenstock,yes
"Birkenstock Arizona Fur Suede Leather Unisex Shoes Size 11, Color: Light-Brown",225148,221668,$159.90 ,3,$159.90 ,$159.90 ,,-,0,B0CRK45CKP,0809410443267,0809410443267,B01NCNBCCK,Birkenstock,yes
"Birkenstock Arizona Shearling Narrow Unisex Shoes Size 7, Color: Black",226385,230218,$144.90 ,2,$144.90 ,$144.90 ,,-,0,B0CRD1N4SH,0809410088758,0809410088758,B01NCNBCCK,Birkenstock,yes
Birkenstock Women's Arizona Brown Birko-Flor,222913,229754,$105.90 ,1,$105.90 ,$150.64 ,,-,0,B07N14Q19T,0736399074628,0736399074628,B01NCNBCCK,Birkenstock,yes
"Birkenstock Arizona Shearling Suede Leather Unisex Shoes Size 10, Color: Star Core Black-Black",221987,220441,$159.90 ,1,$159.90 ,$159.90 ,,-,0,B0CRJQ3P5D,0809410340238,0809410340238,B01NCNBCCK,Birkenstock,yes
Birkenstock Unisex Arizona Essentials EVA Sandal Multi Purple Fog 40 N EU,225434,234777,$50.00 ,1,$50.00 ,$121.88 ,,-,0,B0977QNSTL,0886454725825,0886454725825,B01NCNBCCK,Birkenstock,yes
Birkenstock Women's Arizona Double Buckle Cork Sandals White Size 39N,220467,224583,$156.73 ,1,$156.73 ,$158.30 ,,-,0,B008YFSUMS,0736399035223,0736399035223,B01NCNBCCK,Birkenstock,yes
"Birkenstock Women's Arizona SFB Open Toe Sandals, Green (Vert Forest Vert Forest), 5 UK",224912,226598,,,,$156.99 ,,-,,B07F859KC4,4.04448E+12,4044477292151,B01NCNBCCK,Birkenstock,no
"Birkenstock Women's Arizona Sandal, Blue, 8-8.5",227333,233609,,,,$143.01 ,,-,,B07TP7LYM8,4.03985E+12,4039854375305,B01NCNBCCK,Birkenstock,no
"Birkenstock Women's Arizona Big Buckle Sandals, High Shine Dusty Blue, 7 Medium US",438808,931447,$145.24 ,5,$145.24 ,$300.73 ,,-,0,B09MSLGFZ7,0887759309086,0887759309086,B09M7NT55S,Birkenstock,yes
"Birkenstock Arizona Shearling Suede Leather Narrow Unisex Shoes Size 6, Color: Black",231433,229108,$144.90 ,1,$144.90 ,$144.90 ,,-,0,B0CRD664Z5,0809410216366,0809410216366,B01NCNBCCK,Birkenstock,yes
"Birkenstock Arizona Shearling Narrow Unisex Shoes Size 5, Color: Black",235022,229067,$144.90 ,2,$144.90 ,$144.90 ,,-,0,B0CRCWDGJP,0809410450678,0809410450678,B01NCNBCCK,Birkenstock,yes
Super-Birki,216702,219955,$79.90 ,1000,$79.90 ,$155.00 ,$98.90 ,-,0,B004ZC7BTW,4.03986E+12,4039855698410,B00I84NRP0,Birkenstock,yes
Birkenstock 1018522340 Soley- Black LTR N 40,250488,291109,$145.00 ,,$145.00 ,$184.37 ,$169.95 ,-,0,B08P2BV3CR,0822698564424,0822698564424,B0C89WQSRQ,Birkenstock,yes
Birkenstock Unisex Clogs Super-Birki - Red - Men 15-15.5,208064,208495,,,,$85.07 ,,-,,B000KCV7D2,4.01387E+12,4013871462354,B00I84NRP0,Birkenstock,no
"Birki Unisex Clogs & Mules, Yellow, 9 US Men",205516,216097,,,,$71.20 ,,-,,B00432JNZY,4.03986E+12,4039855624877,B00I84NRP0,Birkenstock,no
"Birkenstock Girl's Clogs, Pink Raspberry, Women 2",206977,215304,$59.90 ,1000,$59.90 ,$147.53 ,,-,0,B004ZC7CAA,4.03986E+12,4039855698434,B00I84NRP0,Birkenstock,yes
Birkenstock Unisex Clogs Super-Birki - Red - Woman 5-5.5,207841,215029,$79.95 ,2,$79.95 ,$127.95 ,$85.89 ,-,0,B000KCXC8U,4.01387E+12,4013871267218,B00I84NRP0,Birkenstock,yes
"Birkenstock Unisex-Adult Arizona Adjustable Sandals (Velvet Gray Suede Soft Footbed, US Footwear Size System, Adult, Women, Numeric Range, Medium, 9, 9.5)",75414,26968,,,$139.95 ,$139.95 ,,-,0,B0CR5C5PBS,0736399995039,0736399995039,B0CZ1MTFP8,Birkenstock,yes
"Birkenstock Unisex-Adult Arizona Adjustable Sandals (Stone Birkibuc, US Footwear Size System, Adult, Women, Numeric Range, Narrow, 7, 7.5)",185304,185304,$109.95 ,12,$109.95 ,$129.95 ,,-,0,B0CR4ZNP3Y,0736399994230,0736399994230,B0CZ1MTFP8,Birkenstock,yes
"Birkenstock Unisex-Adult Arizona Adjustable Sandals (Velvet Gray Suede Soft Footbed, US Footwear Size System, Adult, Women, Numeric Range, Narrow, 5, 5.5)",33870,15492,,,$139.95 ,$139.95 ,,-,0,B0CR5KWM8S,0736399994810,0736399994810,B0CZ1MTFP8,Birkenstock,yes
"Birkenstock Unisex-Adult Arizona Adjustable Sandals (Velvet Gray Suede Soft Footbed, US Footwear Size System, Adult, Women, Numeric Range, Narrow, 4, 4.5)",34735,15764,,,$139.95 ,$139.95 ,,-,0,B0CR5HJS5B,0736399994803,0736399994803,B0CZ1MTFP8,Birkenstock,yes
Birkenstock 1022243138 Sonora Ggr BRN Oil LTR R 38,572495,631880,$208.61 ,1,$208.61 ,$233.19 ,,-,0,B09NCJLR2G,0887759562382,0887759562382,B00INUXPD8,Birkenstock,yes
Birkenstock Arizona - Habana Oiled Leather EU 35 Narrow,39493,16880,,,$124.95 ,$139.95 ,,-,0,B0CRBK81RQ,0736399995169,0736399995169,B0CZ1MTFP8,Birkenstock,yes
Birkenstock Arizona - Habana Oiled Leather EU 40 Narrow,37197,16136,,,,$139.95 ,,-,,B0CRBLM4Q4,0736399995213,0736399995213,B0CZ1MTFP8,Birkenstock,yes
"Birkenstock Unisex-Adult Arizona Adjustable Sandals (White Birko-Flor, US Footwear Size System, Adult, Women, Numeric Range, Narrow, 6, 6.5)",38309,16797,$109.95 ,4,$109.95 ,$109.95 ,,-,0,B0CR4GZGMG,0736399993516,0736399993516,B0CZ1MTFP8,Birkenstock,yes
"Birkenstock Unisex-Adult Arizona Adjustable Sandals (Stone Birkibuc, US Footwear Size System, Adult, Women, Numeric Range, Narrow, 5, 5.5)",72247,27195,$109.95 ,1,$109.95 ,$109.95 ,,-,0,B0CR4GC7R8,0736399993868,0736399993868,B0CZ1MTFP8,Birkenstock,yes
"Birkenstock Unisex-Adult Arizona Adjustable Sandals (White Birko-Flor, US Footwear Size System, Adult, Women, Numeric Range, Narrow, 4, 4.5)",35371,15619,$109.95 ,1,$109.95 ,$109.95 ,,-,0,B0CR4JP82M,0736399993493,0736399993493,B0CZ1MTFP8,Birkenstock,yes
"Birkenstock Unisex-Adult Arizona Adjustable Sandals (Velvet Gray Suede Soft Footbed, US Footwear Size System, Adult, Women, Numeric Range, Narrow, 9, 9.5)",38348,16394,,,$139.95 ,$139.95 ,,-,0,B0CR5DFSB7,0736399994858,0736399994858,B0CZ1MTFP8,Birkenstock,yes
"Birkenstock Unisex-Adult Arizona Adjustable Sandals (Stone Birkibuc, US Footwear Size System, Adult, Women, Numeric Range, Narrow, 9, 9.5)",66357,25430,$109.95 ,1,$109.95 ,$109.95 ,,-,0,B0CR4HVH9D,0736399993905,0736399993905,B0CZ1MTFP8,Birkenstock,yes
"Birkenstock Unisex-Adult Arizona Adjustable Sandals (Stone Birkibuc, US Footwear Size System, Adult, Women, Numeric Range, Medium, 13, 13.5)",38575,16343,$109.95 ,8,$109.95 ,$109.95 ,,-,0,B0CR4H3XVV,0736399993820,0736399993820,B0CZ1MTFP8,Birkenstock,yes
"Birkenstock Unisex-Adult Arizona Adjustable Sandals (Tobacco Oiled-Leather, US Footwear Size System, Adult, Women, Numeric Range, Narrow, 5, 5.5)",53745,21582,,,$129.95 ,$129.95 ,,-,0,B0CR56BFYF,0736399994131,0736399994131,B0CZ1MTFP8,Birkenstock,yes
"Birkenstock Unisex-Adult Arizona Adjustable Sandals (Velvet Gray Suede Soft Footbed, US Footwear Size System, Adult, Women, Numeric Range, Medium, 12, 12.5)",37129,16157,,,$139.95 ,$139.95 ,,-,0,B0CR5JBDY7,0736399994957,0736399994957,B0CZ1MTFP8,Birkenstock,yes
"Birkenstock Unisex-Adult Arizona Adjustable Sandals (White Birko-Flor, US Footwear Size System, Adult, Women, Numeric Range, Narrow, 5, 5.5)",35147,15464,$109.95 ,6,$109.95 ,$109.95 ,,-,0,B0CR4J1LYX,0736399993509,0736399993509,B0CZ1MTFP8,Birkenstock,yes
"Birkenstock Unisex-Adult Arizona Adjustable Sandals (Mocha Suede Soft Footbed, US Footwear Size System, Adult, Women, Numeric Range, Narrow, 5, 5.5)",45098,18449,,,$139.95 ,$139.95 ,,-,0,B0CR5JQDYL,0736399994698,0736399994698,B0CZ1MTFP8,Birkenstock,yes
Birkenstock Arizona - Habana Oiled Leather EU 36 Narrow,494661,187842,,,$124.95 ,$139.95 ,,-,0,B0CRBLRGNT,0736399995176,0736399995176,B0CZ1MTFP8,Birkenstock,yes
"Birkenstock Unisex-Adult Arizona Adjustable Sandals (Mocha Suede Soft Footbed, US Footwear Size System, Adult, Women, Numeric Range, Narrow, 6, 6.5)",790959,272055,$139.95 ,20,$139.95 ,$139.95 ,,-,0,B0CR5DHTHL,0736399994704,0736399994704,B0CZ1MTFP8,Birkenstock,yes
Birkenstock Arizona - Birko-Flor Gold Birko-Flor EU 39 Narrow,33150,16015,$109.95 ,1,$109.95 ,$109.95 ,$109.95 ,-,0,B0CR4H9MSN,0736399993417,0736399993417,B0CZ1MTFP8,Birkenstock,yes
Birkenstock Arizona - Birko-Flor Gold Birko-Flor EU 35 Narrow,38470,16502,$109.95 ,5,$109.95 ,$109.95 ,,-,0,B0CR4FKTPK,0736399993370,0736399993370,B0CZ1MTFP8,Birkenstock,yes
"Birkenstock Unisex-Adult Arizona Adjustable Sandals (Dark Brown Natural Leather, US Footwear Size System, Adult, Women, Numeric Range, Narrow, 5, 5.5)",39060,16683,,,$119.95 ,$119.95 ,,-,0,B0CR58Z1PC,0736399994575,0736399994575,B0CZ1MTFP8,Birkenstock,yes
"Birkenstock Unisex-Adult Arizona Adjustable Sandals (Velvet Gray Suede Soft Footbed, US Footwear Size System, Adult, Women, Numeric Range, Medium, 5, 5.5)",84561,29125,$123.43 ,4,$123.43 ,$139.95 ,,-,0,B0CR5HM85Q,0736399994889,0736399994889,B0CZ1MTFP8,Birkenstock,yes
"Birkenstock Unisex-Adult Arizona Adjustable Sandals (Black Birko-Flor Soft Footbed, US Footwear Size System, Adult, Women, Numeric Range, Narrow, 4, 4.5)",61702,23526,$109.95 ,9,$109.95 ,$109.95 ,,-,0,B0CR5MJZK1,0736399994629,0736399994629,B0CZ1MTFP8,Birkenstock,yes
"Birkenstock Unisex-Adult Arizona Adjustable Sandals (Black Natural Leather, US Footwear Size System, Adult, Women, Numeric Range, Narrow, 4, 4.5)",770974,263968,$109.95 ,8,$109.95 ,$109.95 ,,-,0,B0CR5L3XNS,0736399994506,0736399994506,B0CZ1MTFP8,Birkenstock,yes
"Birkenstock Unisex-Adult Arizona Adjustable Sandals (Mocha Suede Soft Footbed, US Footwear Size System, Adult, Women, Numeric Range, Narrow, 7, 7.5)",37663,16483,,,$139.95 ,$139.95 ,,-,0,B0CR5C6FQW,0736399994711,0736399994711,B0CZ1MTFP8,Birkenstock,yes
Birkenstock Arizona - Habana Oiled Leather EU 37 Narrow,39996,17170,,,$124.95 ,$139.95 ,,-,0,B0CRBKHJ7D,0736399995183,0736399995183,B0CZ1MTFP8,Birkenstock,yes
"Birkenstock Unisex-Adult Arizona Adjustable Sandals (Velvet Gray Suede Soft Footbed, US Footwear Size System, Adult, Women, Numeric Range, Medium, 4, 4.5)",843501,290540,$139.95 ,8,$139.95 ,$139.95 ,,-,0,B0CR5HGFDS,0736399994872,0736399994872,B0CZ1MTFP8,Birkenstock,yes
"Birkenstock Unisex-Adult Arizona Adjustable Sandals (Black Birko-Flor Soft Footbed, US Footwear Size System, Adult, Women, Numeric Range, Narrow, 7, 7.5)",54498,23214,$109.95 ,1,$109.95 ,$109.95 ,,-,0,B0CR5T89W6,0736399994650,0736399994650,B0CZ1MTFP8,Birkenstock,yes
"Birkenstock Unisex-Adult Arizona Adjustable Sandals (Gold Birko-Flor, US Footwear Size System, Adult, Women, Numeric Range, Medium, 4, 4.5)",34521,15437,$109.95 ,9,$109.95 ,$109.95 ,,-,0,B0CR4HQ3T3,0736399993318,0736399993318,B0CZ1MTFP8,Birkenstock,yes
"Birkenstock Unisex-Adult Arizona Adjustable Sandals (Stone Birkibuc, US Footwear Size System, Adult, Women, Numeric Range, Medium, 15, 15.5)",38021,16512,$109.95 ,8,$109.95 ,$109.95 ,,-,0,B0CR4G985N,0736399993844,0736399993844,B0CZ1MTFP8,Birkenstock,yes
"Birkenstock Unisex-Adult Arizona Adjustable Sandals (Black Natural Leather, US Footwear Size System, Adult, Women, Numeric Range, Narrow, 9, 9.5)",74576,27901,$109.95 ,2,$109.95 ,$109.95 ,,-,0,B0CR5FYZSF,0736399994551,0736399994551,B0CZ1MTFP8,Birkenstock,yes
"Birkenstock Unisex-Adult Arizona Adjustable Sandals (White Birko-Flor, US Footwear Size System, Adult, Women, Numeric Range, Narrow, 7, 7.5)",39832,16939,$109.00 ,1,$109.00 ,$109.95 ,,-,0,B0CR4G2JMW,0736399993523,0736399993523,B0CZ1MTFP8,Birkenstock,yes
"Birkenstock Unisex-Adult Arizona Adjustable Sandals (Black Natural Leather, US Footwear Size System, Adult, Women, Numeric Range, Narrow, 5, 5.5)",57103,22275,$109.95 ,10,$109.95 ,$109.95 ,,-,0,B0CR5CGW7J,0736399994513,0736399994513,B0CZ1MTFP8,Birkenstock,yes
"Birkenstock Unisex-Adult Arizona Adjustable Sandals (Black Natural Leather, US Footwear Size System, Adult, Women, Numeric Range, Narrow, 6, 6.5)",60564,23343,$109.95 ,6,$109.95 ,$109.95 ,,-,0,B0CR5QR2LH,0736399994520,0736399994520,B0CZ1MTFP8,Birkenstock,yes
Birkenstock Unisex Arizona White Sandals - 11 D(M) US Men,1489102,834353,$85.99 ,17,$85.99 ,$137.00 ,,-,0,B00N4ET21M,4.01387E+12,4013871078463,B0CXT9TSB9,Birkenstock,yes
Birkenstock Women's Gizeh Big Buckle Natural Leather Sandals - Cognac - 4,188620,329292,,,$170.00 ,$177.95 ,$170.00 ,-,,B08PZ8BDJ5,4.06142E+12,4061416217242,B0BZQKWMQH,Birkenstock,no
"Birkenstock Barbados Eva Unisex Shoes Size 11, Color: Active Red/Red-Red",225486,251972,$39.90 ,2,$39.90 ,$39.90 ,,-,0,B0CCKDYX7B,0809410610423,0809410610423,B07ZS6Y3S7,Birkenstock,yes
"Birkenstock Barbados Eva Unisex Shoes Size 13, Color: Active Red/Red-Red",235271,245337,$39.90 ,4,$39.90 ,$39.90 ,,-,0,B0CCKB91Q1,0809410610393,0809410610393,B07ZS6Y3S7,Birkenstock,yes
"Birkenstock Barbados Eva Unisex Shoes Size 9, Color: Active Red/Red-Red",228235,234478,$39.90 ,3,$39.90 ,$39.90 ,,-,0,B0CCKBM8XQ,0809410596253,0809410596253,B07ZS6Y3S7,Birkenstock,yes
"Birkenstock Unisex-Adult Arizona Adjustable Sandals (Tobacco Oiled-Leather, US Footwear Size System, Adult, Women, Numeric Range, Narrow, 4, 4.5)",76469,27917,,,$129.95 ,$129.95 ,,-,0,B0CR4SX4L6,0736399994124,0736399994124,B0CZ1MTFP8,Birkenstock,yes
"Birkenstock Unisex-Adult Arizona Adjustable Sandals (Black Birko-Flor Soft Footbed, US Footwear Size System, Adult, Women, Numeric Range, Narrow, 5, 5.5)",53508,21396,$109.95 ,13,$109.95 ,$109.95 ,,-,0,B0CR5CDSPK,0736399994636,0736399994636,B0CZ1MTFP8,Birkenstock,yes
"Birkenstock Unisex-Adult Arizona Adjustable Sandals (Velvet Gray Suede Soft Footbed, US Footwear Size System, Adult, Women, Numeric Range, Narrow, 6, 6.5)",35373,15743,$139.95 ,11,$139.95 ,$139.95 ,,-,0,B0CR5L1MJ7,0736399994827,0736399994827,B0CZ1MTFP8,Birkenstock,yes
"Birkenstock Unisex-Adult Arizona Adjustable Sandals (Black Birko-Flor Soft Footbed, US Footwear Size System, Adult, Women, Numeric Range, Narrow, 6, 6.5)",56905,22974,$109.95 ,17,$109.95 ,$109.95 ,,-,0,B0CR5F7BR2,0736399994643,0736399994643,B0CZ1MTFP8,Birkenstock,yes
"Birkenstock Unisex-Adult Arizona Adjustable Sandals (Stone Coin Suede, US Footwear Size System, Adult, Women, Numeric Range, Narrow, 6, 6.5)",31993,14683,,,$139.95 ,$139.95 ,,-,0,B0CR5JFC48,0736399994971,0736399994971,B0CZ1MTFP8,Birkenstock,yes
Birkenstock Arizona - Birko-Flor Gold Birko-Flor EU 36 Narrow,32012,14790,$109.95 ,4,$109.95 ,$109.95 ,$109.95 ,-,0,B0CR4G1G25,0736399993387,0736399993387,B0CZ1MTFP8,Birkenstock,yes
"Birkenstock Women's Mules Yao Balance Birko-Flor Gold Sandal, 9",223318,223614,,,,$136.95 ,,-,,B07ZTH3ZCN,4.04373E+12,4043734863769,B07ZS6Y3S7,Birkenstock,no
"Birkenstock Women's Slide Sandal, Mocca, 10",228603,242186,,,,$149.95 ,$124.88 ,-,,B07ZTGT2QF,4.04373E+12,4043734779220,B07ZS6Y3S7,Birkenstock,no
"Birkenstock Unisex Boston Soft Footbed Clog, Habana Oiled Leather, EU 37 6-6.5 Women/ 4-4.5 Men",488639,545912,$158.00 ,1,$158.00 ,$322.95 ,,-,0,B073M1NGXK,4.052E+12,4052001143008,B07J4LQPHY,Birkenstock,yes
"Birkenstock Unisex-Adult Arizona Adjustable Sandals (Stone Birkibuc, US Footwear Size System, Adult, Women, Numeric Range, Narrow, 4, 4.5)",79823,28323,$109.95 ,7,$109.95 ,$109.95 ,,-,0,B0CR4GM51W,0736399993851,0736399993851,B0CZ1MTFP8,Birkenstock,yes
"Birkenstock Unisex-Adult Arizona Adjustable Sandals (Tobacco Oiled-Leather, US Footwear Size System, Adult, Women, Numeric Range, Narrow, 7, 7.5)",40534,17841,,,$129.95 ,$129.95 ,,-,0,B0CR4GW29K,0736399994155,0736399994155,B0CZ1MTFP8,Birkenstock,yes
Birkenstock Kids' Rio 24 Narrow Unicorn Pink BF,319134,504866,$54.99 ,1,$54.99 ,$69.95 ,,-,0,B07YNLSJNN,0802436812024,0802436812024,B008U4IHFI,Birkenstock,yes
Birkenstock 1022243141 Sonora Ggr BRN Oil LTR R 41,500181,3652698,,,,$291.25 ,$291.25 ,-,,B09NCKJMJL,0887759562474,0887759562474,B00INUXPD8,Birkenstock,yes
"Birkenstock Women's, Yao Slide Sandal - Narrow Width",391579,416312,$114.95 ,1,$114.95 ,$114.95 ,,-,0,B07FLQJF8N,0802436367036,0802436367036,B07GSFQWKQ,Birkenstock,yes
"Birkenstock Milano Smooth Leather, Unisex Adults' Sandals, Brown (Dunkelbraun), 8 UK Slim",249405,294311,,,,$317.32 ,,-,,B003AQCQYO,"0736399042023, 4013871041368","0736399042023, 4013871041368",B003AM95EM,Birkenstock,no
Birkenstock New Women's Yao Slide Sandal Dove Blue Nubuck 39 N,363706,415066,,,,$139.99 ,$110.00 ,-,,B07VHY6BZ6,0822698139486,0822698139486,B07GSFQWKQ,Birkenstock,no
"BIRKENSTOCK Men's Slides, Gray, 37 EU",304047,314398,$169.95 ,,$169.95 ,$169.95 ,,-,0,B098TH8MF1,4.06142E+12,4061416874407,B0CBXBKCHM,Birkenstock,yes
Birkenstock Unisex Arizona Sandal Split Ice/Sandcastle Birkibuc Birko-flor 45 R EU,398848,730902,$114.90 ,4,$114.90 ,$114.90 ,,-,0,B09N52VWPG,0887759779094,0887759779094,B0C85W1V2V,Birkenstock,yes
"BIRKENSTOCK Arizona SFB Birko-Flor Men's Sandals, Soft Bed, Normal, Chocolate 1023445, 10 US",292056,772976,,,,$170.95 ,$105.86 ,-,,B0B8KYDJHL,4.06142E+12,4061417962660,B0C6LFPBH2,Birkenstock,yes
Birkenstock Unisex Milano BS Birko-Flor Black Sandals 7 W / 5 M US,226722,289982,,,$115.66 ,$128.00 ,,-,0,B00IR4PQWS,4.01387E+12,4013871077190,B003AM95EM,Birkenstock,yes
Birkenstock Unisex Clogs Super-Birki - Blue - Woman 11-11.5 / Men 9-9.5,215801,209313,,,,$152.95 ,$98.45 ,-,,B000MUZ4YK,4.01387E+12,4013871267751,B00I84NRP0,Birkenstock,no
"Birkenstock Girls Buckle Sandal, Cosmic Sparkle White, 7.5 Little Kid",648814,737793,,,,$121.95 ,,-,,B07ZTWKC6D,4.03985E+12,4039854932225,B09SBTVNFK,Birkenstock,no
Birkenstock 16654341 London Black Oiled LTR 41,610918,508327,$189.75 ,1,$189.75 ,$189.75 ,,-,0,B00IMOQZYG,0886454411643,0886454411643,B073LCK964,Birkenstock,yes
"Birkenstock Women's Boston Soft Footbed Clogs, Black, 7-7.5 Narrow",298933,309563,,,,$280.72 ,$214.47 ,-,,B000GLPZXK,0809410382849,0809410382849,B000GLRPB0,Birkenstock,no
Birkenstock Men?s Profi-Birki Black Alpro-Foam Sandals 42 EU (M9/L11 US) R 074011,686641,575472,,,,$292.48 ,$107.57 ,-,,B000MV0BKQ,4.01387E+12,4013871345015,B000ZNPYO4,Birkenstock,yes
"Birkenstock Men's Boston Soft Footbed Clogs, Iron, Grey, 10-10.5 Women/8-8.5 Men",294473,305471,,,,$280.73 ,$153.00 ,-,,B079K9KZW8,0886457914097,0886457914097,B000GLRPB0,Birkenstock,no
"Birkenstock Kids Gizeh Sandals, MF Metallic Stones Pink, 4-4.5 Big Kid",1119077,1058183,,,,$139.99 ,$59.99 ,-,,B0BM8QSS84,0886925961943,0886925961943,B09SBTVNFK,Birkenstock,no
Birkenstock Gizeh Kid's Hologram Pink Birko-Flor Sandals 32 EU (US 1-1.5 Little Kid),487246,731809,,,,$64.95 ,$64.95 ,-,,B07FBMKQ3Q,0886457791995,0886457791995,B09SBTVNFK,Birkenstock,no
"Birkenstock Women's Sandales Sydney Birko-Flor Graceful Taupe, 9",560937,954005,,,,$226.65 ,$189.07 ,-,,B07YLXYVQ1,4.04373E+12,4043734718908,B0816GHF2S,Birkenstock,yes
"Birkenstock Men's Zermatt Slippers, Anthracite, Grey, 9 Medium US",754027,551467,,,,$183.99 ,$119.02 ,-,,B07PGJV6FY,0802436667150,0802436667150,B0CTMLWYW9,Birkenstock,no
Birkenstock Arizona Unisex Black Birko-Flor Sandal 41 / Unisex US Size 10-10.5,7089771,7248582,,,$131.73 ,$139.95 ,,-,0,B07N15LHCZ,0736399010527,0736399010527,B0CZBZP3FR,Birkenstock,yes
"Birkenstock Professional QO 500 1011244 Black (Unisex Regular Fit) German Cork Footbed Sneakers Grip Sole (Black, 38 (24.5 cm))",864245,1103995,$231.83 ,,$199.75 ,$209.75 ,,-,1,B07BLB5WGV,4.04448E+12,4044477283227,B0CQVQWSKG,Birkenstock,no
Birkenstock 1017828340 Buckley- Tea Sd N 40,715419,678958,,,,$267.32 ,$150.00 ,-,,B087ZYWH98,0822698425848,0822698425848,B0BZQS8PKW,Birkenstock,no
July 4th Juneteenth 1865 Because My Ancestors T-Shirt,444695,446535,$13.38 ,,$13.38 ,$13.38 ,,-,0,B09XKLK4TH,,,,Birkenstock,yes
Birkenstock 1021176137 Mayari V Black Bb R 37,592096,413268,$104.81 ,1,$104.81 ,$189.98 ,,-,0,B09N9W9B67,0886454983331,0886454983331,B0CFGR3K8Z,Birkenstock,yes
"Birkenstock Women's Zermatt 365 Suede Clogs, Lavender Blush, Purple, 11 Medium US",598756,423226,,,,$258.98 ,$144.95 ,-,,B09MSMGG6B,0887759287704,0887759287704,B0CFGR3K8Z,Birkenstock,no
Birkenstock 1018557142 Gizeh Pl V- White Bf R 42,840860,943429,$111.60 ,4,$111.60 ,$215.00 ,$143.69 ,-,0,B08P2BC27V,0822698583586,0822698583586,B0C88ZMGFP,Birkenstock,yes
"Birkenstock Mens Ramses Thong Sandals, Black, Size 43 EU (10-10.5 M US Men)",1111024,931922,,,,$140.00 ,$114.00 ,-,,B01MYWD7QU,0736399131659,0736399131659,B003AM8V2O,Birkenstock,no
"Birkenstock Men's Zermatt 365 Suede Clogs, Stone Coin, Grey, Tan, 13 Medium US",882777,761774,$134.00 ,1,$134.00 ,$259.07 ,$213.52 ,-,0,B09G8HL1KF,0887759288541,0887759288541,B0C4Q4RSRY,Birkenstock,yes
