Title,Sales Rank: 30 days avg.,Sales Rank: 90 days avg.,Buy Box: Current,Buy Box: Stock,New: Current,New: Highest,"New, 3rd Party FBM ðŸšš: 30 days avg.",Lowest FBM Seller,"Count of retrieved live offers: New, FBM",ASIN,Product Codes: EAN,Product Codes: UPC,Parent ASIN,Brand,Prime Eligible (Buy Box)
"TYR Women's Standard Durafast One Diamondfit Swimsuit, Dark Grey, 30",158257,131901,,,,$92.14,$90.52,-,,B084D41HWY,3.67E+10,036702983020,B09LRVW2KW,TYR,no
"Kate Spade New York Women's Classic Evergreen Sleepshirt, KS51506, Scattered Dot Pink, S",3980269,5680048,$137.41,1,$137.41,$137.41,$137.41,ANZYNJW9IIF9C,1,B079RKJFXG,4.08E+10,040758506751,,Kate Spade New York,no
Kate Spade New York Gold-Tone PavÃ© Fox Cuff Bracelet,2085922,2085922,,,$213.16,$213.16,$213.16,-,1,B07MPQK3XL,9.87E+10,098686709041,,Kate Spade New York,no
Tory Burch Womens Miller Plated Brass Logo Stud Earring O/S,3055341,3141855,,,$152.12,$156.74,$129.37,ANZYNJW9IIF9C,1,B07943N4RC,1.90E+11,190041811991,,Tory Burch,no
"THE NORTH FACE FP Homestead Domey 3, Asphalt Grey, OS",768528,911203,$108.87,1,$108.87,$115.76,$108.87,ANZYNJW9IIF9C,1,B078Z3N2PJ,1.90E+11,190284952680,,THE NORTH FACE,no
"Lacoste Women's Legacy Short Sleeve Slim Fit Stretch Pique Polo Shirt, Blanc, 6",317834,342975,,,$146.97,$204.32,$146.97,ANZYNJW9IIF9C,1,B071J96D88,1.90E+11,190391401774,B081DM2BHD,Lacoste,no
"THE NORTH FACE Women's Venture 2 1/2 Zip Pants, TNF Black - Large Long",1187881,1119008,,,$178.75,$189.31,$174.32,ANZYNJW9IIF9C,1,B01GQUV2KY,1.91E+11,190541578677,B076T8NQ9N,THE NORTH FACE,no
THE NORTH FACE Apex Barrier Soft Shell Jacket. NF0A3LGT TNF Medium Grey Heather XL,2843846,1971973,,,$286.06,$339.06,,-,,B0778K8N5R,1.91E+11,191167689907,B0CX45F5F1,THE NORTH FACE,no
"New Balance Men's 1700 Walking Shoe, Size: 12.5 Width: D Color: Black",1036531,1676253,,,,$305.53,$259.45,-,,B075R81FXD,1.92E+11,191902046927,B07FLCM71B,New Balance,no
"New Balance Men's Cross Country Seven Spike Running Shoe, Black/Black, 12 D US",4031347,4374180,$58.30,1,$58.30,$153.88,$58.30,ANZYNJW9IIF9C,1,B075R7NCWL,1.92E+11,191902061692,B0784DCGXG,New Balance,no
"THE NORTH FACE Women's Arrowood Triclimate Jacket, TNF Black/TNF Black, X-Small",1078537,1104197,$177.85,1,$177.85,$267.09,$179.76,ANZYNJW9IIF9C,1,B07FKCK7DB,1.92E+11,192362120561,B086S7P5V5,THE NORTH FACE,no
The North Face Mens Campshire Earflap Hat Asphalt Grey One Size,2989336,7694857,,,,$84.38,$80.09,-,,B07MRHN92V,1.92E+11,192363602820,,THE NORTH FACE,no
THE NORTH FACE Thermoball Eco Vest Tnf Black Matte SM,517463,500800,$184.19,1,$184.19,$192.69,$157.36,ANZYNJW9IIF9C,1,B07MXM93R7,1.92E+11,192364478097,B0CNLJ2S96,THE NORTH FACE,no
Tory Burch Women's Gold Miller Large Hoops Earrings,2260387,3149003,,,$272.48,$272.48,$272.48,ANZYNJW9IIF9C,1,B089LTN1G8,1.92E+11,192485510737,,Tory Burch,no
Tory Burch Women's Miller Leather Laser Cut T-Strap Thong Sandal Gray Size 6,36387,49330,,,$336.18,$357.52,$337.17,ANZYNJW9IIF9C,1,B08CKFK59P,1.92E+11,192485590203,B07BHJGWD5,Tory Burch,yes
"Tory Burch Women's Patos Slides, Burnt Cuoio, Brown, 9.5 Medium US",786782,889371,$297.71,1,$297.71,$297.71,$297.71,ANZYNJW9IIF9C,1,B08R1MW3J2,1.92E+11,192485764840,B08VYF2KND,Tory Burch,no
"Tory Burch Women's Hank Sneakers, Snow White/Beige, 6.5 Medium US",2149392,1945780,,,,$436.05,,-,,B09538BXC9,1.92E+11,192485885248,B09851N2YD,Tory Burch,no
"New Balance Women's Made in US 990 V5 Sneaker, Black/Silver, 9.5",68353,59913,$157.45,2,$157.45,$334.00,$256.09,A2CEINIO4OPLWL,3,B07C7N6PF2,1.93E+11,192662914693,B08986L1PD,New Balance,yes
"New Balance Women's Made in US 990 V5 Sneaker, Black/Silver, 10.5",67047,59447,,,,$335.35,$252.26,-,,B07C7NT6W7,1.93E+11,192662914716,B08986L1PD,New Balance,yes
"New Balance mens 442 1.0 Pro Firm Ground V1 Soccer Shoe, Green/White, 8 US",827838,786027,,,$207.26,$216.83,$207.26,ANZYNJW9IIF9C,1,B07DVKPQPC,1.93E+11,192983389828,B093SJQND3,New Balance,no
"Lacoste men's Chaymon 0120 1 Cma Sneaker, Black/Green, 9 US",37055,31621,,,,$244.82,$221.22,-,,B0832BDND8,1.93E+11,193367448919,B097FTM3LT,Lacoste,yes
"Lacoste Men's Croco Slide Sandal, WHT/Off WHT, 13",54184,47344,,,,$49.95,$40.00,-,,B097FFNNGX,1.93E+11,193367733275,B072K75LV9,Lacoste,no
The North Face Base Camp Duffel M Kelp Tan Tnf Camo Print/Tnf Black One Size,154298,155853,$190.71,,$190.71,$271.88,$218.62,ANZYNJW9IIF9C,1,B09SM5M8RC,1.93E+11,193391964454,B078KNPJQ9,THE NORTH FACE,no
"THE NORTH FACE Girls' Reversible Mossbud Swirl Jacket, Paradise Pink, L",1272057,1217481,,,$199.10,$275.00,$199.10,ANZYNJW9IIF9C,1,B08BDQMD4S,1.93E+11,193394637614,B08F9Q52TQ,THE NORTH FACE,no
"THE NORTH FACE Women's Canyonlands Full Zip Hooded Sweatshirt (Standard and Plus Size), TNF Black 2, X-Large",64003,76185,$100.00,,$100.00,$145.22,$119.17,-,0,B09KMF9SJ6,1.93E+11,193394972449,B07TLD9MBN,THE NORTH FACE,yes
"New Balance Men's 411 V1 Training Shoe, Pigment/White, 12 X-Wide",49653,42912,$70.00,88,$70.00,$157.99,$138.64,ALNXDINFJN088,1,B07PJY18RQ,1.94E+11,193684164950,B089XCM1R8,New Balance,no
"New Balance mens Fresh Foam Roav V1 Sneaker, Black/Light Aluminum, 9 Wide US",954,1276,,,$115.95,$135.77,$111.39,A2L9RNVXU1JUYD,3,B07RK228SK,1.94E+11,193684935994,B096PR9JCT,New Balance,yes
"New Balance Men's Fresh Foam Roav V1 Sneaker, Black/Light Aluminum, 11 W US",953,1284,,,$119.95,$174.24,$130.04,-,0,B07RGTKHJB,1.94E+11,193684936038,B096PR9JCT,New Balance,yes
"New Balance Men's Fresh Foam 1080 V10 Running Shoe, Black/Steel, 11.5",61557,78362,,,,$208.29,$199.10,-,,B07RQ15YVJ,1.94E+11,193684985296,B07RMK42HW,New Balance,yes
Buffalo David Bitton Super Max-X Jeans Sanded Indigo Men's Super Skinny (29x32),3908348,3611173,,,$137.35,$165.43,$137.35,ANZYNJW9IIF9C,1,B088HK6SGN,1.94E+11,193851621699,,Buffalo David Bitton,no
"Buffalo David Bitton Men's Slim Ash Jeans, Dark and Sanded Black, 32W x 32L",19354,19648,,,$126.37,$126.37,$126.37,ANZYNJW9IIF9C,1,B08Q8R8VZM,1.94E+11,193851724260,B0BNYJZYZD,Buffalo David Bitton,yes
"Lacoste Men's Long Sleeve Full Zip Cotton Jersey Sweater, Navy Blue, M",699611,740812,,,,$275.71,$155.04,-,,B08QDQP4DD,1.94E+11,193869513696,B0CTXLMKL3,Lacoste,yes
"THE NORTH FACE Women's Paramount Hybrid High Rise Tight, Asphalt Grey, Large",986446,924240,,,,$166.81,$119.72,-,,B07TWHB7N8,1.94E+11,194112090414,B0848KCXY5,THE NORTH FACE,no
"THE NORTH FACE Menâ€™s Apex Bionic 2 Jacket (Standard and Tall Sizes), TNF Dark Grey Heather, X-Small",210956,148787,$94.25,1,$94.25,$149.95,$95.97,ANZYNJW9IIF9C,2,B08BF48JQX,1.94E+11,194115693070,B07B8KVD3B,THE NORTH FACE,yes
"THE NORTH FACE Menâ€™s Apex Bionic 2 Jacket (Standard and Tall Sizes), Aviator Navy Heather, Large Tall",207867,183137,$190.34,1,$190.34,$274.01,$190.34,ANZYNJW9IIF9C,1,B08BF55QWH,1.94E+11,194115696064,B07B8KVD3B,THE NORTH FACE,no
"New Balance Unisex MR530 Sneaker, White/Natural Indigo, 7.5 US Men",140306,320903,,,$184.40,$238.55,$154.68,ANZYNJW9IIF9C,1,B082WJF9FR,1.94E+11,194182854855,B005DCLTP0,New Balance,no
Laura Mercier Mini Ultra-Blur Talc-Free Translucent Loose Setting Powder Translucent,282015,272877,,,$41.46,$80.74,$62.78,A39WWGXFOLEB1L,2,B0CBQQZ8CV,1.94E+11,194250047554,,Laura Mercier,no
"New Balance mens 840 V4 Running Shoe, Black/White, 12.5 Wide US",585432,496717,,,$213.81,$220.29,$213.81,ANZYNJW9IIF9C,1,B0815XVV1B,1.94E+11,194389550949,B01N2JJAR1,New Balance,no
"New Balance Men's Fresh Foam 3000 V5 Turf-Trainer Baseball Shoe, Black/White, 5",445947,341702,,,$163.09,$164.75,,-,,B08167DGB4,1.94E+11,194389872645,B0BQ7WJRMM,New Balance,no
"New Balance mens Fresh Foam Beacon V3 Running Shoe, Black/White, 10 US",621350,547430,$143.85,1,$143.85,$165.31,$143.85,ANZYNJW9IIF9C,1,B0815WR1QJ,1.94E+11,194389952712,B0815TSM1X,New Balance,no
"New Balance Women's Fresh Foam 880v11, Grey/Sky, 8 Medium",144796,140386,,,$228.51,$228.51,$196.32,ANZYNJW9IIF9C,1,B08RXVTKS8,1.95E+11,194768660474,B08RY22ZM1,New Balance,no
"New Balance Women's Fresh Foam 880v11, Virtual Sky/Wave, 10.5 Medium",146905,140331,,,,$257.96,$187.73,-,,B08RXV2Y2Z,1.95E+11,194768661822,B08RY22ZM1,New Balance,no
"New Balance Women's Fresh Foam 880v11, Black/Black, 8 Medium",148983,141160,,,,$273.15,$191.75,-,,B08RXVLCW2,1.95E+11,194768663079,B08RY22ZM1,New Balance,no
"New Balance Women's Fresh Foam 880v11, Arctic Fox/Uv Glo, 10.5 Medium",144101,141389,$144.69,1,$144.69,$235.98,$144.69,ANZYNJW9IIF9C,2,B08RXX45QH,1.95E+11,194768663772,B08RY22ZM1,New Balance,no
"New Balance Men's Fresh Foam 1080 V11 Running Shoe, Cyclone/Virtual Sky, 12",60899,61000,,,$213.81,$223.68,$187.23,ANZYNJW9IIF9C,1,B08BNJKTYX,1.95E+11,194768790218,B07RMK42HW,New Balance,no
"New Balance Women's Fresh Foam 1080 V11 Running Shoe, Uv Glo/Star Glo, 7.5",61910,58458,,,,$223.68,$188.69,-,,B08BNB21MY,1.95E+11,194768807817,B08BMSXBDC,New Balance,no
"New Balance Women's Fresh Foam 1080 V11 Running Shoe, Uv Glo/Star Glo, 9.5",62649,58626,,,,$189.98,$187.00,-,,B08BND2HWJ,1.95E+11,194768807855,B08BMSXBDC,New Balance,no
"THE NORTH FACE Women's Candescent Pullover, Vintage White/TNF Black, X-Large",769109,628480,,,,$159.46,$159.46,-,,B08C6NFCJ2,1.95E+11,194901710721,B08JD43WBP,THE NORTH FACE,no
THE NORTH FACE Vectiv Enduris Running Shoe - Women's TNF White/TNF Black 9,4337944,4037505,$127.24,,$127.24,$190.65,$127.20,ANZYNJW9IIF9C,1,B097NKXD88,1.95E+11,194902429868,B08RLNRQ4L,THE NORTH FACE,no
"THE NORTH FACE Terra 55L Backpack Agave Green/Sulphur Spring Green, L/XL",,184154,$210.93,,$210.93,$210.93,$210.93,ANZYNJW9IIF9C,1,B08N3783WH,1.95E+11,194904268465,,THE NORTH FACE,no
"THE NORTH FACE Men's Rolling Sun Packable Short, Meld Grey, 32 Short",777351,1055883,$133.00,,$133.00,$133.00,$133.00,ANZYNJW9IIF9C,1,B08MVB4QXC,1.95E+11,194905308887,B07XVRRH11,THE NORTH FACE,no
"Lacoste Men's Short Sleeve Pima Jersey Interlock Regular Fit Polo, Malachite, X-Large",77085,65709,,,,$134.46,$134.46,-,,B08QDP6P99,1.95E+11,194951226753,B0BG1D6JR2,Lacoste,no
"Lacoste mens Long Sleeve Hooded Jersey Cotton T-shirt Hoodie T Shirt, Syringa Mint, Medium US",49427,43778,,,$125.63,$169.03,$125.63,ANZYNJW9IIF9C,1,B08B47HYN8,1.95E+11,194951978232,B071Y4MBJ1,Lacoste,yes
"New Balance Men's BB550 Sneaker, White/Team Forest Green, 7.5 Medium US",25922,25882,,,,$299.99,$228.59,-,,B0BHNBC6PF,1.95E+11,195173942568,B0C6YB46KZ,New Balance,no
"THE NORTH FACE Men's 1996 Retro Nuptse Vest, Black, S",2141873,2228594,,,$255.49,$400.00,$269.96,ANZYNJW9IIF9C,1,B098RKT9TF,1.95E+11,195437059087,B09PLN8BVB,THE NORTH FACE,no
"The North Face Mens Denali 2 Jacket, Tradewinds Grey, M",,,,,,$221.68,$221.68,-,,B0974F5YMN,1.95E+11,195437063275,B0CLXSGXWR,THE NORTH FACE,no
"THE NORTH FACE Men's Carto Triclimate Waterproof Jacket, TNF Black, XX-Large",160370,111485,$259.54,1,$259.54,$402.00,$259.54,"A20FLYA0IW2L9O, ANZYNJW9IIF9C",2,B097NJPXNQ,1.95E+11,195437180651,B07CRSN79R,THE NORTH FACE,no
"THE NORTH FACE Men's Freedom Insulated Pant, TNF Black 2, X-Large Long",154416,288516,,,$213.74,$315.26,$225.86,ANZYNJW9IIF9C,1,B097NKFTPP,1.95E+11,195437295027,B0161QKPPQ,THE NORTH FACE,no
THE NORTH FACE Canyonlands Full Zip Gardenia White Heather (Prior Season) MD,2276722,1381909,$129.01,,$129.01,$153.51,$129.01,ANZYNJW9IIF9C,1,B097NJ1F9W,1.95E+11,195438159632,,THE NORTH FACE,no
"THE NORTH FACE Women's TKA Glacier Â¼ Zip Fleece Jacket, Gardenia White, Small",422968,331551,,,,$124.10,$97.89,-,,B097NHNZPB,1.95E+11,195438185327,B07TTDK593,THE NORTH FACE,no
"THE NORTH FACE Women's Wander Â¼ Zip Sweatshirt, TNF White, Small",5980685,3429666,$94.75,,$94.75,$136.87,$113.35,ANZYNJW9IIF9C,1,B097NM7MD9,1.95E+11,195438197184,,THE NORTH FACE,no
"THE NORTH FACE Men's Junction Insulated Vest, TNF Black, Large",245059,177435,,,,$159.99,$78.21,-,,B097NJ5DWS,1.95E+11,195439108073,B08F9SN4BB,THE NORTH FACE,no
"THE NORTH FACE Women's Metropolis Insulated Jacket, TNF Black, Large",97757,80543,,,$299.98,$350.00,$299.91,ANZYNJW9IIF9C,1,B097NM3T4Q,1.95E+11,195439114500,B09BK7ZRLD,THE NORTH FACE,yes
"THE NORTH FACE Women's Tamburello Insulated Jacket (Standard and Plus Size), TNF Black, X-Large",115754,67490,$90.00,1,$90.00,$158.05,$123.35,A89DPUELXJHRV,4,B097NGWZ2N,1.95E+11,195439118201,B09BK8TPPT,THE NORTH FACE,no
"THE NORTH FACE Women's ThermoBall Eco Hoodie 2.0 (Standard and Plus Size), TNF Black, Small",260865,275344,,,,$388.87,$312.07,-,,B09BQMNJNM,1.95E+11,195439188488,B0CVG84QB9,THE NORTH FACE,no
THE NORTH FACE Thermoball Eco Jacket - Women's TNF Black Medium,872660,773652,$259.52,1,$259.52,$349.07,$263.43,ANZYNJW9IIF9C,1,B09BQP85X8,1.95E+11,195439190146,B09ZQVBVQX,THE NORTH FACE,no
"THE NORTH FACE Women's ThermoBall Eco Vest 2.0, TNF Black, X-Small",,,$184.32,1,$184.32,$269.74,$199.25,ANZYNJW9IIF9C,2,B09BQNR43J,1.95E+11,195439190986,B09XYSYQ74,THE NORTH FACE,no
"THE NORTH FACE Women's ThermoBall Eco Vest 2.0, TNF Black, Large",,,$219.95,1,$179.95,$308.06,$229.25,AZPPRMV8HVKZ8,3,B09BQNW1CV,1.95E+11,195439191167,B09XYSYQ74,THE NORTH FACE,no
"THE NORTH FACE Women's ThermoBall Eco Vest 2.0, Gardenia White, Small",,,$171.24,1,$171.24,$308.06,$185.60,ANZYNJW9IIF9C,1,B09BQP77GV,1.95E+11,195439191853,B09XYSYQ74,THE NORTH FACE,no
"THE NORTH FACE Women's ThermoBall Eco Vest 2.0, Gardenia White, Medium",,,,,$222.71,$308.06,$222.71,ANZYNJW9IIF9C,1,B09BQPD1MC,1.95E+11,195439191990,B09XYSYQ74,THE NORTH FACE,yes
THE NORTH FACE Vectiv Exploris Futurelight Running Shoe - Women's Meld Grey/Emberglow Orange 7.5,3337187,4606019,$158.95,1,$147.21,$282.32,$147.21,ANZYNJW9IIF9C,1,B097NFKXTJ,1.95E+11,195439244856,B08RLNG57D,THE NORTH FACE,yes
"THE NORTH FACE Men's Back-To-Berkeley III Textile WP, TNF Black/TNF White, 9",957724,1010241,$140.26,1,$140.26,$249.08,$161.65,ANZYNJW9IIF9C,1,B096FDQCF9,1.95E+11,195439282346,B09DRG13R7,THE NORTH FACE,no
"THE NORTH FACE Men's Half Dome Pullover Hoodie (Standard and Big Size), Aviator Navy/Sunset Mauve, Medium",2737597,1384041,,,$118.22,$154.43,$118.22,ANZYNJW9IIF9C,1,B09386CSJN,1.95E+11,195440550250,,THE NORTH FACE,no
"New Balance Men's FuelCell 4040 V6 Turf-Trainer Baseball Shoe, Black/White, 12 Wide",47163,28061,,,,$169.69,$169.69,-,,B08PC82F3Z,1.95E+11,195481149147,B08PDDWXZL,New Balance,no
"New Balance Men's FuelCell 4040 V6 Molded Baseball Shoe, Black/White, 7 Wide",64079,69307,,,,$185.91,$169.69,-,,B08PCDC5RM,1.95E+11,195481149451,B08PDF9B6Z,New Balance,no
"New Balance Women's 237 Laceup Sneakers, Mushroom/Space Pink, 5.5 Medium US",1133425,379611,,,,$164.84,$129.32,-,,B09LZ3G6CS,1.95E+11,195481235901,,New Balance,no
"New Balance Men's 840 V5 Running Shoe, Ocean Grey/Oxygen Blue, 9 Wide",28686,26430,,,$169.76,$249.88,$167.42,-,1,B08PCFDLQ9,1.95E+11,195481406189,B08PDFZSDP,New Balance,yes
New Balance Fresh Foam More Trail v2 Women's Running 10.5 B(M) US Sea-Yellow,333732,292968,$219.76,1,$219.76,$329.83,$219.76,ANZYNJW9IIF9C,1,B0946WYL2G,1.95E+11,195481407421,B084XSTHCY,New Balance,no
New Balance Fresh Foam 880v11 Light Cyclone/Astral Glow 11 B (M),144343,138480,,,$171.93,$266.21,$176.36,-,1,B08SSG8CBZ,1.95E+11,195481430740,B08RY22ZM1,New Balance,yes
"New Balance Men's Fresh Foam X 860 V12 Running Shoe, Black/White, 10.5 M",34792,37849,,,$149.33,$240.35,$149.31,A17YS63QP15EX2,2,B096WL3DJK,1.95E+11,195481441555,B0B9BRT7LY,New Balance,yes
"New Balance Women's Fresh Foam X 860 V12 Running Shoe, Mountain Teal/Pale Blue Chill, 7.5 M",43296,47313,$142.49,1,$138.15,$252.36,$194.59,ANZYNJW9IIF9C,1,B096WN4XK1,1.95E+11,195481447526,B0B8THVT7V,New Balance,yes
"Lacoste Contemporary Collection's Men's Short Sleeve Loose Fit Croc Graphic Tee Shirt, White, 4X-Large",136702,138945,$51.11,,$51.11,$101.38,$101.38,ANZYNJW9IIF9C,1,B0B6Y57Y91,1.96E+11,195750294738,B0B6WQ5NK8,Lacoste,yes
"New Balance Women's Fresh Foam Roav V2 Running Shoe, Black/Vibrant Orange, 9",75986,73653,,,,$136.19,$136.19,-,,B096NGD79X,1.96E+11,195907564028,B096NVS1L4,New Balance,no
"New Balance Women's Fresh Foam X Hierro V7 Trail Running Shoe, Golden Hour/Moon Shadow/Red Clay, 9",11053,11938,,,,$206.38,$206.38,-,,B096NF1N96,1.96E+11,195907574836,B0CLP2D65F,New Balance,no
"New Balance Women's Fresh Foam X 860 V12 Running Shoe, Eclipse/Night Sky/Vibrant Orange, 9.5 Wide",44945,48603,,,,$203.51,$188.87,-,,B09RSL2YYP,1.96E+11,195907577462,B0B8THVT7V,New Balance,no
"New Balance Women's Fresh Foam More V3 Running Shoe, Night Sky/Libra, 8 X-Wide",243994,213152,,,$221.91,$251.50,$221.91,ANZYNJW9IIF9C,1,B096N7H8Q6,1.96E+11,195907578230,B08BN48Y6B,New Balance,yes
"New Balance Women's Fresh Foam X 1080 V12 Running Shoe, Black/Thunder/Violet Haze, 11.5",4792,3386,,,$200.00,$243.28,$196.89,-,0,B096N7H8MC,1.96E+11,195907579756,B096NKR8NM,New Balance,yes
"New Balance Women's Fresh Foam X 1080 V12 Running Shoe, Black/Thunder/Violet Haze, 9 Wide",4775,3380,,,,$217.80,$180.06,-,,B096N92BS8,1.96E+11,195907579862,B096NKR8NM,New Balance,yes
"New Balance Men's Fresh Foam X 1080 V12 Running Shoe, Black/Thunder/White, 10.5",4904,3060,$149.17,2,$149.17,$295.76,$170.15,A1ZOTV3Y305X94,2,B096N9734V,1.96E+11,195907632604,B096NKPSY5,New Balance,yes
"New Balance Men's Fresh Foam X 1080 V12 Running Shoe, Black/Thunder/White, 9.5 X-Wide",4925,3063,,,,$275.63,$212.48,-,0,B096N6PT4R,1.96E+11,195907632918,B096NKPSY5,New Balance,yes
"New Balance Women's 410 V7 Trail Running Shoe, Blue/Yellow, 9.5 Wide",55378,44403,,,$117.22,$128.35,$117.22,ANZYNJW9IIF9C,1,B096NBMY7K,1.96E+11,195907695692,B08P38S66Q,New Balance,no
"New Balance Men's 574 Core Sneaker, Black/White, 12 Wide",2156,2435,,,$99.95,$184.24,$154.59,ANZYNJW9IIF9C,1,B093QKK57K,1.96E+11,195907803592,B08BN9V242,New Balance,yes
"THE NORTH FACE Women's Waterproof Antora Parka (Standard and Plus Size), TNF Black, XX-Large",85720,93231,,1,$213.88,$213.88,$185.51,ANZYNJW9IIF9C,1,B09JTR8VGB,1.96E+11,196010465592,B09JTRCJPX,THE NORTH FACE,yes
"THE NORTH FACE Women's Aphrodite Motion Short (Standard and Plus Size), Summit Navy, Large Regular",119543,181510,,,$49.89,$101.46,$49.97,ANZYNJW9IIF9C,1,B0BHLVT8BL,1.96E+11,196012531752,B07XVS4BKZ,THE NORTH FACE,yes
"THE NORTH FACE Montana Ski Mitten - Men's Military Olive/Tea Green, XL",2539000,3398206,,,$107.28,$126.40,$107.28,ANZYNJW9IIF9C,1,B09TPTSTTQ,1.96E+11,196013453893,,THE NORTH FACE,yes
Kate Spade Carson Saffiano Leather Convertible Crossbody Bag (Chalk pink),728748,256518,,,$199.00,$324.24,$324.24,-,0,B09XLNMH7J,1.96E+11,196021078446,,Kate Spade New York,yes
Kate Spade New York Knott Zip Boot Black 9 M,1308073,1252996,,,,$331.68,$229.97,-,,B0B6VM1GT4,1.96E+11,196021141461,B0B7GFBXQ7,Kate Spade New York,no
Kate Spade New York On The Dot Stacking Rings Clear/Gold 7,4096032,5261780,,,$115.79,$149.92,$116.45,ANZYNJW9IIF9C,1,B0B68GKX3C,1.96E+11,196021161902,B0B59KJ1PN,Kate Spade New York,no
Kate Spade New York Amour Ivory Satin 10 B (M),2927150,2166062,,,,$266.43,,-,,B0BST2ZJXY,1.96E+11,196021263354,B0BS4CPFLP,Kate Spade New York,no
"New Balance Boy's 574 Core Lace-Up Sneaker, Black/White, 6 Wide Big Kid",93211,76043,,,$140.09,$141.09,$141.07,ANZYNJW9IIF9C,1,B095YXG91B,1.96E+11,196071021300,B093F9MFKW,New Balance,yes
"Tory Burch Women's Miller Pave Huggie Hoop Earrings, Tory Gold/Crystal, One Size",1005816,1019637,,,$202.63,$249.71,$160.99,-,1,B09HC1HR2T,1.96E+11,196133065068,B0BK25TNJZ,Tory Burch,yes
Tory Burch Women's Silver Miller Pave Hoops Earrings,3734423,4465036,,,$202.63,$249.71,$198.16,ANZYNJW9IIF9C,1,B09L7Q1B82,1.96E+11,196133084670,,Tory Burch,no
"Tory Burch Women's Patos Sandals, Caramel Corn, Tan, 8 Medium US",1608668,1344567,,,$306.45,$306.45,$288.17,-,1,B09HN5T49R,1.96E+11,196133123089,B09HN7QZXG,Tory Burch,no
"Tory Burch Women's Black Leather Gold Logo Eleanor Slides Flats Shoes (7, numeric_7)",1203910,1163856,,,,$322.62,$322.62,-,,B09PHNS27P,1.96E+11,196133126349,B09ZCB9HKB,Tory Burch,no
"Tory Burch Women's Black Leather Gold Logo Eleanor Slides Flats Shoes (7.5, numeric_7_point_5)",1724697,1405737,,,,$320.55,,-,,B09PHP4L3R,1.96E+11,196133126356,B09ZCB9HKB,Tory Burch,no
Tory Burch Eleanor Slide New Cream 10 M,1257002,1601524,$320.55,1,$320.55,$320.55,$320.55,ANZYNJW9IIF9C,1,B09PHNGS2H,1.96E+11,196133126400,B09ZCB9HKB,Tory Burch,no
Tory Burch Eleanor Slide New Cream 8 M,1342528,1246824,$320.55,1,$320.55,$322.62,$320.55,ANZYNJW9IIF9C,1,B09PHP2G7L,1.96E+11,196133126530,B09ZCB9HKB,Tory Burch,no
"Tory Burch Women's Ella Canvas Tote, Natural/Classi Cuoio, Off White, Brown, One Size",1788656,1933048,,,,$528.00,,-,,B09N9ZBDX8,1.96E+11,196133177815,B09NB15N3V,Tory Burch,no
"Tory Burch Women's 1.5"" Miller Reversible Belt, Black/Classic Cuoio/Silver, L",280251,256745,,,$256.91,$337.18,$333.69,-,1,B0C11PN81M,1.96E+11,196133360293,B088P7Q55C,Tory Burch,no
Tory Burch Block T Mule Sandal 90 mm Perfect Black/Perfect Black 8 M,1350642,6051656,,,,$324.87,,-,,B0B65KFQWQ,1.96E+11,196133366417,,Tory Burch,no
"Tory Burch Women's Miller Huggie Hoop Earrings, Tory Gold, One Size",707313,519680,,,,$181.53,$102.29,-,,B0BK25XG6J,1.96E+11,196133472286,B0BK25FKSN,Tory Burch,no
"Tory Burch Women's Minnie Travel Ballet Flats, Meadowsweet, Pink, 11 Medium US",92020,105834,$218.48,4,$205.81,$205.81,$205.81,ANZYNJW9IIF9C,1,B0B1GMPDF1,1.96E+11,196133509982,B079B6XLCR,Tory Burch,yes
"Tory Burch Women's Minnie Travel Ballet Flats, Meadowsweet, Pink, 6 Medium US",93652,111015,$217.94,3,$217.94,$333.14,$207.15,ANZYNJW9IIF9C,1,B0B1H4J9XY,1.96E+11,196133510056,B079B6XLCR,Tory Burch,yes
"Tory Burch Women's Minnie Travel Ballet Flats, Meadowsweet, Pink, 6.5 Medium US",96106,127217,$227.99,1,$227.99,$257.92,$205.81,ANZYNJW9IIF9C,1,B0B1G5T5NJ,1.96E+11,196133510063,B079B6XLCR,Tory Burch,yes
"Tory Burch Women's Minnie Travel Ballet Flats, Meadowsweet, Pink, 7.5 Medium US",94141,108988,$210.00,1,$210.00,$248.00,$208.39,-,2,B0B1H4T8BC,1.96E+11,196133510087,B079B6XLCR,Tory Burch,no
"Tory Burch Women's Miller Soft Sandals, Hot Pink, 7 Medium US",3360132,2964313,,,,$329.92,$265.94,-,,B0BB849X22,1.96E+11,196133529041,,Tory Burch,no
"Tory Burch Women's Roxanne Jelly Sandals Ivory Gold Shoes (us_footwear_size_system, adult, women, numeric, medium, numeric_6)",334474,533146,,,$219.04,$225.69,$219.04,ANZYNJW9IIF9C,1,B0BR18VLCC,1.96E+11,196133571897,B0CV6W3ZSY,Tory Burch,no
"Tory Burch Women's Miller Sandals, Petunia, Pink, 12 Medium US",36536,49752,,,$337.18,$337.18,$337.18,ANZYNJW9IIF9C,1,B0BCL4MQ58,1.96E+11,196133580080,B07BHJGWD5,Tory Burch,no
Tory Burch Miller Bombe Low Heel Sandals,2608469,3795045,$322.62,1,$322.62,$325.41,$322.62,ANZYNJW9IIF9C,1,B0BXHX47HK,1.96E+11,196133594834,B0BX4S4S49,Tory Burch,no
"Tory Burch Women's Eleanor Jelly Slides, Petunia, Pink, 7 Medium US",1156664,1356292,$207.24,1,$207.24,$292.03,$208.39,-,1,B0BQKTK7JX,1.96E+11,196133607022,B0B9ZSNY44,Tory Burch,no
"Tory Burch Women's Bubble Jelly Slides, Fluorescent Pink, 8 Medium US",260564,307405,$168.29,1,$168.29,$203.29,$185.94,ANZYNJW9IIF9C,1,B0BW34JJQP,1.96E+11,196133672266,B09GNW268M,Tory Burch,no
"Tory Burch Women's Bubble Jelly Slides, Fluorescent Pink, 9 Medium US",271050,298444,$168.29,1,$168.29,$203.29,$178.92,ANZYNJW9IIF9C,1,B0BW2CSGMP,1.96E+11,196133672273,B09GNW268M,Tory Burch,no
"Tory Burch Women's Fisherman Wedge Espadrilles, Spark Gold, 8 Medium US",2647136,2649585,$257.92,1,$257.92,$278.00,$257.92,ANZYNJW9IIF9C,1,B0BW28FQKC,1.96E+11,196133701911,B0BFC24S3Q,Tory Burch,no
"Tory Burch Women's Buckle Bubble Jelly Slides, Black, 8 Medium US",1096760,1031460,,,,$228.00,,-,,B0C2B6KT43,1.96E+11,196133769874,B0BMK4FG9W,Tory Burch,no
"Tory Burch Women's Minnie Travel Ballet Flats, Washed Berry, Pink, 10 Medium US",89917,108657,,,,$242.35,$191.10,-,,B0BW2LJDBZ,1.96E+11,196133800294,B079B6XLCR,Tory Burch,yes
"Tory Burch Women's Minnie Travel Ballet Flats, Washed Berry, Pink, 7 Medium US",92149,108764,,,$387.60,$387.60,$211.36,-,1,B0BW28SLW8,1.96E+11,196133800430,B079B6XLCR,Tory Burch,no
"Lacoste Men's Carnaby EVO Sneaker, BLK/BLK, 10",138055,109197,,,,$153.57,$143.28,-,,B09PMNJ6VD,1.96E+11,196224061597,B09PMQZ3P8,Lacoste,no
"Lacoste mens L003 Neo Sneaker, Off White/Black, 8.5 US",115127,154617,$135.00,,$135.00,$135.00,$169.78,ANZYNJW9IIF9C,1,B0B3Z98Y7L,1.96E+11,196224120386,B0C5ZJNY48,Lacoste,yes
"Lacoste Men's Partner Piste Sneaker, Bellflower Blue/Navy, 10",507154,391436,,,$149.19,$149.19,$149.19,ANZYNJW9IIF9C,1,B0B3Z66QK9,1.96E+11,196224125824,B07DQ6WVHJ,Lacoste,no
"Lacoste Men's Chaymon Sneaker, Dark Blue/Nacy, 9",37830,31894,,,$159.49,$159.49,$159.49,-,1,B0B3YCC2WG,1.96E+11,196224139074,B097FTM3LT,Lacoste,no
"Lacoste Women's 45CFA0013 Sneaker, BLK/WHT, 6.5",199422,197734,,,,$144.78,$144.78,-,,B0BNX9XMKK,1.96E+11,196224147420,B07L2SCZGC,Lacoste,no
"Lacoste - Mens Ace Clip Leather Sneakers, Color White/Green, Size: 9 M US",2550777,2300853,,,,$176.38,$176.38,-,,B0C619R36B,1.96E+11,196224213002,B0C5ZSFDCR,Lacoste,no
"THE NORTH FACE Men's Aconcagua Jacket (Standard and Big Size), Military Olive, Large",345784,270291,,,$310.43,$310.43,$310.36,ANZYNJW9IIF9C,1,B09V3FKPK1,1.96E+11,196246274739,B08BDRCMY2,THE NORTH FACE,no
"THE NORTH FACE Men's Textured Cap Rock Â¼ Zip Pullover Sweatshirt, Shady Blue, Large",59411,41888,$64.95,101,$64.95,$112.35,$86.92,-,0,B09V3GYGBP,1.96E+11,196246277716,B0CTB2R9WM,THE NORTH FACE,yes
"THE NORTH FACE Men's Canyonlands Hybrid Jacket, Shady Blue, Small",420431,294823,,,$185.21,$252.19,$162.07,"ACKGMP8ZWCBQ3, ANZYNJW9IIF9C, A20FLYA0IW2L9O",3,B0B2JVZP71,1.96E+11,196246343596,B0BYDTL9YX,THE NORTH FACE,no
"THE NORTH FACE Women's Alpine Polartec 200 Full Zip Jacket, TNF Black, Medium",398869,407183,,,,$164.62,$138.12,-,,B0B7RHGKKY,1.96E+11,196247284461,B0BWQPCXXX,THE NORTH FACE,no
"THE NORTH FACE Men's Snowfuse Insulated Snow Boot, Coffee Brown/TNF Black, 8",87790,50970,,,$125.00,$166.09,$153.39,A2XZ0K8FIJS0FD,1,B09TS1MRC6,1.96E+11,196247353785,B0CHKVD4CC,THE NORTH FACE,yes
"THE NORTH FACE Men's Snowfuse Insulated Snow Boot, Coffee Brown/TNF Black, 8.5",87392,50446,,,$125.00,$197.00,$154.05,A2XZ0K8FIJS0FD,2,B09TRZM65H,1.96E+11,196247354799,B0CHKVD4CC,THE NORTH FACE,yes
"THE NORTH FACE Women's Back-To-Berkeley III Textile Waterproof Boot, Shady Blue/Wild Ginger, 8",1554458,1547948,,,,$182.45,$180.04,-,,B09TRYDHDS,1.96E+11,196247363364,B0BF5R813G,THE NORTH FACE,no
"THE NORTH FACE Men's Larimer Lace II Shoe, TNF Black/Vintage Khaki, 10.5",925890,767908,,,$167.53,$224.46,$165.03,ANZYNJW9IIF9C,1,B0BTHNWNQ6,1.96E+11,196247608748,B0BZ8YPQR8,THE NORTH FACE,yes
"THE NORTH FACE Women's Amry Soft Shell Pant, Gardenia White, 8 Regular",346564,276700,$233.71,1,$233.71,$308.87,$260.31,ANZYNJW9IIF9C,1,B09V5RW8BS,1.96E+11,196248018539,B0C6R61QKK,THE NORTH FACE,no
"THE NORTH FACE Half Dome Tri-Blend T-Shirt - Men's Shady Blue Heather/Shady Blue, XL",399186,391853,,,,$58.35,$53.53,-,,B09TTRJSBB,1.96E+11,196248352152,B07DGDS2P3,THE NORTH FACE,no
"THE NORTH FACE Women's Aphrodite Motion Bermuda Short, Lunar Slate, X-Large Long",287815,366816,,,$62.43,$109.08,$74.12,ANZYNJW9IIF9C,1,B0BHLSZGWF,1.96E+11,196248606040,B08X68NFPM,THE NORTH FACE,no
"THE NORTH FACE Boysâ€™ Short Sleeve Graphic Tee, TNF Light Grey Heather/LED Yellow, Medium",214494,367484,,,,$69.62,$40.89,-,,B0BGQH1D2L,1.96E+11,196248658162,B07V2RBK6T,THE NORTH FACE,yes
"THE NORTH FACE Men's Tsillan Â¼ Zip Sweatshirt, Khaki Stone Heather, XX-Large",169163,131733,$90.00,2,$90.00,$163.16,$163.13,-,0,B0BH522788,1.96E+11,196248685120,B08JD43RCW,THE NORTH FACE,yes
"THE NORTH FACE Men's Antora Rain Pant, TNF Black, Small Regular",188303,197374,,,$141.10,$177.87,$133.49,"ANZYNJW9IIF9C, A20FLYA0IW2L9O",2,B09VQ4JZT6,1.96E+11,196249123041,B0B7848TG5,THE NORTH FACE,yes
"THE NORTH FACE Women's Antora Rain Pant, TNF Black, XX-Large Regular",470192,495292,$100.00,4,$100.00,$161.62,$122.03,ANZYNJW9IIF9C,2,B09VQ1DCJP,1.96E+11,196249145043,B0B7817F53,THE NORTH FACE,yes
"THE NORTH FACE Men's TKA Glacier Pant, Vanadis Grey, X-Large",1003372,880995,,,$161.69,$168.22,$127.03,ANZYNJW9IIF9C,1,B09VQ36TK8,1.96E+11,196249174067,B07SKDQT82,THE NORTH FACE,no
"THE NORTH FACE Women's Antora Triclimate Jacket, TNF Black, Medium",240857,157011,,,$304.04,$304.04,$293.67,ANZYNJW9IIF9C,1,B09V3G1B69,1.96E+11,196249176412,B0B77YTJT8,THE NORTH FACE,yes
THE NORTH FACE Long Sleeve Sleeve Hit Graphic Tee TNF Black/TNF White XL,78727,69664,,,,$101.38,$96.68,-,,B0BH54GQJH,1.96E+11,196249693681,B0BRBT25S5,THE NORTH FACE,no
"New Balance Women's Impact Run Heat Tight 22, Black, Small",1942162,1419637,,,$130.72,$163.16,$130.72,ANZYNJW9IIF9C,1,B09M7RRCWT,1.96E+11,196307185707,B0CFFWT4LD,New Balance,yes
"New Balance Women's Fresh Foam X 1080 V12 Running Shoe, White/Arctic Fox, 9.5",4818,3397,$136.12,,$136.12,$221.06,$213.87,ANZYNJW9IIF9C,2,B09DTCWX6K,1.96E+11,196307338486,B096NKR8NM,New Balance,yes
"New Balance Women's Fresh Foam X 1080 V12 Running Shoe, Natural Indigo/Starlight, 6.5",4757,3378,$159.95,1,$156.53,$214.56,$209.74,A1LEM297LNF1FK,2,B09K4SDYVK,1.96E+11,196307347570,B096NKR8NM,New Balance,no
"New Balance Women's Fresh Foam X More V4 Running Shoe, Summer Fog/Rain Cloud, 9",4039,4382,,1,$190.00,$190.00,$162.21,ANZYNJW9IIF9C,1,B09K4RX6LS,1.96E+11,196307434294,B0CN3KT3CZ,New Balance,no
"New Balance Women's Fresh Foam X More V4 Running Shoe, Summer Fog/Rain Cloud, 9.5 Wide",4061,4406,$118.90,1,$117.26,$149.99,$123.88,A20O9LUC2WFY7S,2,B09K4V3X1M,1.96E+11,196307434454,B0CN3KT3CZ,New Balance,yes
"New Balance Women's Fresh Foam X 1080 V12 Running Shoe, Nimbus Cloud/Moonbeam, 11",4776,3379,,,,$214.56,$211.47,-,0,B09K4V6D16,1.96E+11,196307476096,B096NKR8NM,New Balance,yes
"New Balance Men's 574-V2 Lace-up Sneaker, Varsity Red/White, 10",173199,157390,,,,$118.29,$110.67,-,,B09K4QKSV5,1.96E+11,196307504225,B0CLNCTLSK,New Balance,yes
New Balance Men's Fresh Foam X 880v13 Running Shoe Pixel Green/Black 10.5,425606,536053,,,$236.62,$236.62,$219.81,ANZYNJW9IIF9C,1,B0BB38SS9L,1.96E+11,196307586498,,New Balance,yes
New Balance Men's Fresh Foam X 880v13 Running Shoe Black/Phantom 9.5 Wide,246509,212910,$139.95,8,$139.50,$252.18,$236.63,ANZYNJW9IIF9C,3,B0BB38YH1T,1.96E+11,196307619837,,New Balance,yes
New Balance Men's Fresh Foam X 880v13 Running Shoe Black/Phantom 11 X-Wide,192102,271289,$139.95,5,$139.95,$243.85,$237.86,AUZHYMZYT39ZN,1,B0BB3B422H,1.96E+11,196307620024,,New Balance,yes
New Balance Men's Fresh Foam X 880v13 Running Shoe Black/White 14 Wide,259746,407637,$139.99,2,$139.95,$250.72,$243.28,ANZYNJW9IIF9C,1,B0BB38Z6WZ,1.96E+11,196307620567,,New Balance,yes
"New Balance Women's Fresh Foam X 860 V13 Running Shoes, Black/Lead, 8 X-Wide",45451,219611,$139.95,3,$139.95,$243.85,$238.95,AUZHYMZYT39ZN,1,B0BB36Z8FY,1.96E+11,196307624138,B0CYY2LT69,New Balance,yes
"New Balance Women's Fresh Foam X 860 V13 Running Shoe, Black/White/Castlerock, 10.5",41640,85809,$139.99,1,$139.95,$247.54,$236.62,ANZYNJW9IIF9C,3,B0BB373L7L,1.96E+11,196307624343,B0CYY2LT69,New Balance,yes
"New Balance Women's Fresh Foam X 860 V13 Running Shoe, Black/White/Castlerock, 8.5 X-Wide",40422,146524,$139.99,,$139.99,$249.43,$236.62,ANZYNJW9IIF9C,4,B0BB32NHP6,1.96E+11,196307624794,B0CYY2LT69,New Balance,yes
"New Balance Women's Fresh Foam X 860 V13, White/Light Aluminum/Light Gold Metallic, 10.5",35243,94767,$139.95,2,$139.95,$243.85,$239.52,-,0,B0BB374WQP,1.96E+11,196307624992,B0CYY2LT69,New Balance,yes
"New Balance Women's Fresh Foam X 860 V13, Bright Lapis/Bright Mint/Starlight, 6.5 Wide",70803,183288,,,,$243.85,$236.85,-,,B0BB31VHKP,1.96E+11,196307627023,B0CYY2LT69,New Balance,yes
"New Balance Women's Fresh Foam X More Trail V3 Running Shoe, Reflection/Faded Teal, 7.5",28498,22046,,,,$276.57,$177.79,-,,B09YBVSLD2,1.96E+11,196432431441,B0CYCV4764,New Balance,no
"New Balance Women's Fresh Foam X More Trail V3 Running Shoe, Reflection/Faded Teal, 8.5",29533,22507,$133.74,1,$133.74,$194.58,,-,1,B09YCBSLZJ,1.96E+11,196432431465,B0CYCV4764,New Balance,no
"New Balance Men's Fresh Foam X More Trail V3 Running Shoe, Orange/Blacktop, 8.5",26584,22528,,,,$185.18,$177.79,-,,B09ZPSHYRJ,1.96E+11,196432435005,B0CT34ZB3T,New Balance,no
"New Balance Men's Fresh Foam X More Trail V3 Running Shoe, Reflection/Vintage Teal, 8.5",1230642,431344,,,,$276.57,$177.79,-,,B09YBTG287,1.96E+11,196432435494,B0CT34ZB3T,New Balance,yes
"New Balance Men's Fresh Foam X More Trail V3 Running Shoe, Reflection/Vintage Teal, 10.5",26652,22236,,,,$224.94,$177.79,-,,B09YC1CX6N,1.96E+11,196432435531,B0CT34ZB3T,New Balance,yes
"New Balance Women's Fresh Foam X Lav V2 Hard Court Tennis Shoe, Cosmic Pineapple/Cosmic Rose, 6.5",138487,136897,,,,$202.72,$202.72,-,,B09YGN2ZZ8,1.96E+11,196432941469,B08M2WXFGG,New Balance,yes
"New Balance Women's Fresh Foam X Lav V2 Hard Court Tennis Shoe, Cosmic Pineapple/Cosmic Rose, 7.5",143226,140501,,,$202.72,$202.72,$202.72,ANZYNJW9IIF9C,1,B09YGC4S65,1.96E+11,196432941483,B08M2WXFGG,New Balance,yes
Kate Spade New York Modal Span Long PJ Set Lipstick Party MD,1637325,1349962,,,,$118.15,$103.73,-,,B0CBYZN8DW,1.97E+11,197117115953,B0CNL28YPM,Kate Spade New York,no
"New Balance Men's 624 V2 Casual Comfort Cross Trainer, Black, 11 W US",311148,285703,,,,$172.84,$154.99,-,,B007OWT11Q,6.03E+11,602850708282,B093R8S3VR,New Balance,no
"New Balance Men's 624 V2 Casual Comfort Cross Trainer, Black, 7.5 XXW US",307362,284994,,,$154.99,$162.14,$153.41,ANZYNJW9IIF9C,1,B007OWTA94,6.03E+11,602850708572,B093R8S3VR,New Balance,no
"New Balance Women's 928 V1 Walking Shoe, Tan, 13 4E US",3101708,3253563,,,,$189.98,$171.99,-,,B007IH9LYE,6.03E+11,602850788581,B008CCKIOQ,New Balance,no
"Lacoste Men's Classic Short Sleeve Chine Pique Polo Shirt Polo Shirt, Vine Heathered, S",3902,6086,,,,$149.99,$118.28,-,,B07JFJSQJY,6.11E+11,610836744100,B0BMFPXBBB,Lacoste,yes
"Tory Burch Women's 0TY7059 Sunglasses, Black",750657,615836,,,$156.90,$236.21,$169.73,-,1,B009ALJ4NO,6.43E+11,642878967186,,Tory Burch,yes
"THE NORTH FACE Women's Base Camp Mini II Flip-Flop, TNF Black/TNF White, 9",117966,182238,$35.00,2,$35.00,$99.84,$45.99,A37PG8R93TO044,4,B07VL5DZC8,6.81E+11,680975411508,B084N52DSQ,THE NORTH FACE,no
"THE NORTH FACE Women's Hedgehog Fastpack II Mid WP, Bipartisan Brown/Coffee Brown, 7.5 B",624741,625830,,,$177.82,$293.00,$177.82,ANZYNJW9IIF9C,1,B07VL5GRVN,6.81E+11,680975415650,B084FJR5H2,THE NORTH FACE,yes
"THE NORTH FACE Antora Jacket - Men's TNF Black/Porcelain Green, L",2410862,1467404,,,$168.22,$197.62,$168.22,ANZYNJW9IIF9C,1,B09JTQHM7G,6.81E+11,680975942972,,THE NORTH FACE,no
"THE NORTH FACE Men's Antora Waterproof Jacket (Standard and Big Size), TNF Black/Banff Blue, Small",18792,18005,,,$139.32,$168.29,$139.32,ANZYNJW9IIF9C,1,B09JV2K6JJ,6.81E+11,680975943108,B0CNLD3XFY,THE NORTH FACE,no
"THE NORTH FACE Men's Antora Waterproof Jacket (Standard and Big Size), TNF Black/Acid Yellow, XX-Large",19324,18271,,,,$187.26,$168.22,-,,B09F3RS3CY,6.81E+11,680975943566,B0CNLD3XFY,THE NORTH FACE,no
"THE NORTH FACE Men's Antora Waterproof Jacket (Standard and Big Size), TNF Black/Banff Blue, XX-Large",18988,18071,,,$168.22,$197.62,$168.22,ANZYNJW9IIF9C,1,B09JTT93M6,6.81E+11,680975943597,B0CNLD3XFY,THE NORTH FACE,no
"THE NORTH FACE Women's Canyonlands Full Zip Sweatshirt (Standard and Plus Size), TNF Medium Grey Heather 2, 3X",52412,50528,,,$130.04,$130.04,$129.99,ANZYNJW9IIF9C,1,B09KM8CTKG,6.81E+11,680975956689,B07TXKSLWQ,THE NORTH FACE,yes
"Kate Spade New York Women's Genice Cat-Eye Sunglasses, Blue HVNA, 57 mm",895847,812591,,,$152.12,$160.94,$150.65,-,1,B07CMLY5CW,7.17E+11,716736002873,B0881FLN5J,Kate Spade New York,no
Eyeglasses Kate Spade Cailin/F 0807 Black / 00 Demo Lens,2262440,2262440,,,$259.45,$278.87,$202.12,-,1,B07JNXCCPY,7.17E+11,716736084930,,Kate Spade New York,no
"Kate Spade New York Women's Alina/F/S Round Sunglasses, Brown, 55mm, 17mm",288808,331955,$91.00,,$91.00,$140.00,$83.32,-,1,B08LKKYYCS,7.17E+11,716736328331,B09VYPF44N,Kate Spade New York,no
"Kate Spade New York Women's Gayla Oval Sunglasses, Black/Dark Gray, 52 mm",1874232,1513971,,,$133.63,$175.95,$133.63,ANZYNJW9IIF9C,1,B006UH7UAU,"0761691161264, 0716737250600","716737250600, 761691161264",B0881FQ2L1,Kate Spade New York,no
"Kate Spade New York Women's Bayleigh Oval Sunglasses, Camel Tortoise, 55 mm",1441531,1677478,$135.19,1,$135.19,$200.28,$135.19,ANZYNJW9IIF9C,1,B00MYP8ECK,"0716737609019, 0761691161783","716737609019, 761691161783",B00NPO8IHK,Kate Spade New York,no
"Kate Spade New York Women's Kandi Cat-Eye Sunglasses, Blush Tortoise & Brown Gradient, 56 mm",3935320,5563582,,,,$292.32,$285.34,-,,B00S8L25EM,"0716737656242, 0761691161165","716737656242, 761691161165",B00TI16W4A,Kate Spade New York,no
"Kate Spade New York Women's Amaya Round Sunglasses, Black PATRN BKL, 53 mm",1297297,1462620,$132.28,1,$132.28,$149.00,$132.28,ANZYNJW9IIF9C,1,B06XB9YFNX,7.63E+11,762753985262,B01NARFTL3,Kate Spade New York,no
"Kate Spade New York Women's Amarissa Aviator Sunglasses, Gold Pink/Gold Gradient Pink, 59 mm",562382,809935,,,$113.09,$276.46,$113.09,-,1,B01FXL8A52,7.17E+11,716737890172,B08PRC87SG,Kate Spade New York,no
Kate Spade New York Gallery Wall Oblong Multi One Size,6770123,4359094,,,$109.47,$109.47,$109.47,ANZYNJW9IIF9C,1,B0CBFKFFFH,7.23E+11,722947682995,,Kate Spade New York,yes
"Tory Burch TY7133U Sunglasses 170913-57 - Women's, Black Frame, Brown Gradient TY7133U-170913-57",1542572,1651955,,,$169.04,$256.51,$169.04,ANZYNJW9IIF9C,1,B07HCP21XF,7.25E+11,725125005982,,Tory Burch,no
"Tory Burch TY6070 Sunglasses 32729A-57 -, Dk Green Polar TY6070-32729A-57",1722901,2142157,,,,$297.57,$229.62,-,,B07QB83CXZ,7.25E+11,725125012683,,Tory Burch,no
Tory Burch TY6074 Women's Sunglasses Shiny Gold Metal/Dark Brown Gradient 58,2716112,2476963,$174.76,1,$174.76,$225.22,$142.52,ANZYNJW9IIF9C,1,B0856W2CXJ,7.25E+11,725125126038,,Tory Burch,no
Tory Burch TY2110U Women's Eyeglasses Black Tortoise 53,808610,790462,,,$111.68,$125.45,$94.75,ANZYNJW9IIF9C,1,B09136WR4B,7.25E+11,725125180092,,Tory Burch,no
Tory Burch TY6069 Women's Sunglasses Shiny Rose Gold Metal/Violet Gradient Brown 57,5663570,5860020,,,$163.88,$188.56,$163.88,ANZYNJW9IIF9C,1,B08YKGR4JS,7.25E+11,725125227643,,Tory Burch,no
Tory Burch Sunglasses TY 7189 U 170987 Black,6667250,5515169,$75.57,3,$75.57,$164.25,$118.07,A22W7XZGOL0VZU,4,B0CCQNPY2L,7.25E+11,725125397186,,Tory Burch,no
"Tory Burch Women's 0TY7059 Sunglasses, Dark Tortoise",1606920,1703613,$109.00,18,$109.00,$276.54,$140.60,-,1,B00QQSJDYO,7.25E+11,725125926348,,Tory Burch,yes
Tory Burch Women's 0TY6051 Light Gold/Olive Horn/Brown Gradient Polarized,942510,888241,,,$186.26,$245.30,$166.23,ANZYNJW9IIF9C,1,B01D9OCB28,7.25E+11,725125967471,,Tory Burch,no
"Tory Burch TY6057 Sunglasses 324013-60 - Gold Frame, Dark Brown Gradient TY6057-324013-60",2792806,2953950,,,,$289.83,$282.93,-,,B06XP58KC5,7.25E+11,725125981088,,Tory Burch,no
"laura mercier Secret Concealer - 2, 0.08 Ounce",340607,358299,,,$74.78,$74.78,$74.78,ANZYNJW9IIF9C,1,B001JYYVCO,"0707002055860, 0701000838777, 0048059247021, 5054596010825, 0736150005694, 0070090099642","048059247021, 701000838777, 707002055860, 070090099642, 736150005694",,Laura Mercier,no
"Laura Mercier Matte Radiance Baked Powder For Women, Bronze 03 Light To Medium, 0.26 Ounce",135610,136159,$94.01,1,$94.01,$114.75,$100.23,-,1,B00CPB41B6,7.36E+11,736150109576,B079YXCL25,Laura Mercier,no
Rouge Essentiel Silky CrÃ¨me Lipstick 285 Plum Fatale,113816,130523,,,,$55.94,$55.94,-,,B07QBCQDFX,7.36E+11,736150168368,B0B7PPYCQF,Laura Mercier,no
"laura mercier Rouge Essentiel Silky Creme Lipstick - Rose Decadent, 0.12 Ounce",118381,133745,,,$55.94,$55.94,$50.74,ANZYNJW9IIF9C,1,B07QCCG2WB,7.36E+11,736150168481,B0B7PPYCQF,Laura Mercier,yes
Eyeglasses Kate Spade Jessalyn 0GF5 Blue Palladium Transparent Blue,,,,,$244.90,$244.90,$213.81,-,1,B06VXBS4RR,7.63E+11,762753915962,B074N77T4J,Kate Spade New York,no
Eyeglasses Kate Spade JOHNNA 0WR7 Black Havana / 00 Demo Lens,2102820,2232499,,,,$301.51,$301.51,-,,B06X6JYCPP,7.63E+11,762753918673,B06XT59NDY,Kate Spade New York,no
Kate Spade New York Precious Pansy Drop Earrings Cream Multi/Rose Gold One Size,6977265,7823168,,,$137.41,$141.58,$137.41,ANZYNJW9IIF9C,1,B07YQRHWVS,7.68E+11,767883667316,,Kate Spade New York,no
Kate Spade New York Merigue Black 6.5 M,997327,763066,$78.38,1,$78.38,$337.18,$193.28,ACTZ4HD4YIH8O,2,B08CVS6313,7.68E+11,767883908624,B08CY167S5,Kate Spade New York,no
Kate Spade New York Evergreen Modal Jersey Short Sleeve Cropped PJ Set Black SM,2825751,2472789,,,,$159.47,,-,,B07VV62TCC,7.69E+11,769137015881,B084DSWCQF,Kate Spade New York,yes
"THE NORTH FACE Men's Sprag 5-Pocket Pant, Meld Grey, 36 Long",140325,122957,,,$96.21,$110.85,$96.21,ANZYNJW9IIF9C,1,B09K95KF4S,7.72E+11,772204978774,B078Z3G1QK,THE NORTH FACE,no
Kate Spade New York Women's KSW1452 Varick Analog Display Quartz Silver Watch,3669413,4795613,,,,$288.88,$273.27,-,,B079333HF8,7.96E+11,796483391543,,Kate Spade New York,no
"New Balance mens Made in US 993 Sneaker , GREY , 16 D US",1949124,1708790,,,$346.21,$356.70,,-,,B00178UTNC,8.84E+11,883905367535,B001792H5O,New Balance,no
"Tory Burch Women's Miller Patent Thong Sandal, Black, 5.5 Medium US",36155,49786,,,$337.18,$337.18,$337.18,ANZYNJW9IIF9C,1,B00E6EHWPC,8.84E+11,884089308543,B07BHJGWD5,Tory Burch,no
"New Balance Women's 577 V1 Lace-up Shoe, Black, 6.5 X-Wide",8054,8310,$86.09,1,$86.09,$160.28,$86.09,ANZYNJW9IIF9C,2,B004F11G08,8.86E+11,885667426611,B093R1P5XB,New Balance,no
The North Face TKA 100 Glacier Glove Men's TNF Black Large,2412139,2488130,$84.46,,$84.46,$97.90,$86.36,ANZYNJW9IIF9C,1,B00GWS5PUO,8.86E+11,885928709132,B00TSLBLL4,THE NORTH FACE,no
"Lacoste womens L963s Sunglasses, Black, X-Large US",1695440,1369442,,,$158.00,$185.00,$155.66,ANZYNJW9IIF9C,1,B09BW1J298,8.87E+11,886895518451,B09G5HP1ZG,Lacoste,yes
"Lacoste Men's Tennis Training Sport Fleece Pant with Elastic Leg Opening, Pitch Gray, 6",558937,472966,,,,$174.10,$141.75,-,,B01JH4G8BO,8.88E+11,888464048673,B01N266JRK,Lacoste,no
"Tory Burch Women's Miller Thong Sandals, Black, 6.5 Medium US",35457,48662,$198.00,1,$198.00,$406.99,$297.20,A3QFDCCY1NEHXW,2,B00LC4PQ7K,8.89E+11,888736088383,B07BHJGWD5,Tory Burch,yes
"Tory Burch Women's Miller Thong Sandals, Black, 10.5 Medium US",36590,49458,,,$337.18,$337.18,$327.19,ANZYNJW9IIF9C,1,B00LC4QAWU,8.89E+11,888736088468,B07BHJGWD5,Tory Burch,no
"New Balance Men's Breeze v2 Golf Shoe, Grey, 8 X-Wide",68536,67064,$65.56,,$65.56,$126.99,$118.09,-,0,B08NXZSB5M,8.90E+11,889993206183,B08NYVB1R1,New Balance,yes
"New Balance Women's Fresh Foam LinksSL Golf Shoe, Grey/Blue, 10",861228,977574,,,,$133.20,$74.72,-,,B08NXY3SLW,8.90E+11,889993209771,B08NYV9RWZ,New Balance,no
Laura Mercier Real Flawless Weightless Perfecting Foundation 4C0 Chestnut,826987,575238,,,$69.70,$107.28,$72.15,A31I1QEXT2I92H,3,B0CCPGT42M,1.94E+11,194250010732,,Laura Mercier,no
"Tommy Hilfiger mens 1/4 Zip Mockneck Sweatshirt, Tommy Captain, Large US",53233,58690,,,,$124.34,$124.34,-,,B07SRCT6JN,"0008763058511, 0196038633188","196038633188, 008763058511",B0CTGC4L7B,Tommy Hilfiger,yes
"Tommy Hilfiger Men's Water Resistant Ultra Loft Filled Hooded Puffer Jacket, Midnight/Ice/Red Flag Colorblock, Medium",86433,81377,$91.03,1,$64.00,$195.00,$113.44,A20FLYA0IW2L9O,1,B08C7XG7Y7,8.89E+11,888807441031,B0CK2XPX81,Tommy Hilfiger,no
"Kate Spade New York Love You, Mom Bangle Clear/Gold One Size",2106464,1617881,,,$124.10,$166.82,$124.10,ANZYNJW9IIF9C,1,B0BQMKHHXS,1.96E+11,196021267710,,Kate Spade New York,no
Kate Spade New York Bridal Bow Ivory Satin 7 M,1175193,950438,,,$337.18,$342.99,$337.18,ANZYNJW9IIF9C,1,B08591HCMY,6.59E+11,659464827342,B08599W3X4,Kate Spade New York,no
"Lacoste Heritage Supima Cotton Bath Sheet, Meteorite, 35"" x 70""",63714,53136,$70.00,1,$70.00,$119.76,$119.76,-,0,B09MGCK1MZ,7.35E+11,734737674936,B0CHQRLCGQ,Lacoste,yes
"Birkenstock Women's Gizeh Big Buckle Sandals, Sandcastle, Tan, 11 Medium US",198466,290556,,,$259.54,$267.51,$259.54,-,1,B0BDT2M784,1.93E+11,192761021223,B0BZQKWMQH,Birkenstock,no
"Birkenstock Women's Yara Leather Ankle-Strap Sandal,Habana,40 EU/9 M US",203963,300522,,,$214.63,$230.26,$203.82,ANZYNJW9IIF9C,1,B002Y4H94U,"0809410776433, 4040714776439",809410776433,B00ES8FEQ0,Birkenstock,yes
"Birkenstock Arizona Vegan Latte Cream Birkibucâ„¢ EU 40 (US Men's 7-7.5, Women's 9-9.5) Narrow",3842434,3708571,$199.18,1,$199.18,$346.52,$199.18,-,1,B08P2735WF,8.23E+11,822698704110,,Birkenstock,no
Birkenstock 1019142340 Arizona- Navy Eva N 40,143293,363715,$93.00,2,$93.00,$107.44,$86.18,A1C20BH4U0AX41,3,B08XDFJBZR,8.23E+11,822698733813,B0816GTS1V,Birkenstock,yes
"Birkenstock Women's Boston SFB, Habana Oiled Leather, 45 M EU",36000,26034,,,$275.71,$275.71,$275.71,ANZYNJW9IIF9C,1,B00I173TX4,8.86E+11,886454143087,B000HDNWFK,Birkenstock,no
Birkenstock Unisex Arizona Essentials EVA White Sandals - 40 N EU / 9-9.5 2A(N) US,319842,141086,,2,$104.26,$200.00,$84.03,A1C20BH4U0AX41,4,B06WGL878G,8.86E+11,886454424896,B0CZN8ND6V,Birkenstock,no
Birkenstock Unisex Arizona Essentials EVA White Sandals - 41 M EU,98106,120413,,,$99.99,$122.00,$84.39,ANZYNJW9IIF9C,3,B06Y6884GN,8.86E+11,886454424902,B073H46FB1,Birkenstock,yes
Birkenstock Florida Vegan Flower Teal Birko-flor N 37 N EU 6-6.5,58928,79079,$199.18,1,$199.18,$215.82,$200.43,ANZYNJW9IIF9C,3,B094PWVYL2,8.86E+11,886454857779,B01BR6MK6C,Birkenstock,no
Birkenstock Women's Yao Black Patent 38 N,350304,400626,,,$177.79,$185.18,$177.79,ANZYNJW9IIF9C,1,B07FKB1CBR,8.86E+11,886457918132,B07GSFQWKQ,Birkenstock,no
New Papillio Women's Arizona Platform Slide Sandal Metallic Copper 37 N,1360099,1281067,,,$221.24,$238.55,$153.11,-,1,B07FKJJKJH,8.86E+11,886457990565,B093GNNWCG,Birkenstock,no
"THE NORTH FACE Women's Aphrodite Motion Short (Standard and Plus Size), Goblin Blue, Large Regular",119946,178546,,,$55.86,$55.86,$48.62,ANZYNJW9IIF9C,1,B09JX4H9MW,1.93E+11,193394938773,B07XVS4BKZ,THE NORTH FACE,yes
"THE NORTH FACE Osolita Full-Zip Jacket - Girls' Pikes Purple, XL",153714,145762,,,,$131.10,$98.00,-,,B097NSBQSD,1.95E+11,195438269751,B074F1VXT9,THE NORTH FACE,no
"THE NORTH FACE Girls' Osolita Fleece Full-Zip Jacket, Ice Blue, Medium",152038,144003,$87.38,,$87.38,$107.09,$87.38,ANZYNJW9IIF9C,1,B097NQ59Y6,1.95E+11,195438270399,B074F1VXT9,THE NORTH FACE,no
"THE NORTH FACE Girls' Osolita Fleece Full-Zip Jacket, Ice Blue, Large",155405,145374,$87.38,1,$87.38,$157.17,$87.38,ANZYNJW9IIF9C,1,B097NQQ2WB,1.95E+11,195438270597,B074F1VXT9,THE NORTH FACE,no
"THE NORTH FACE Women's Tamburello Insulated Vest, Gardenia White, X-Small",774282,626686,$89.74,1,$89.74,$169.76,$89.74,ANZYNJW9IIF9C,1,B097NHGF72,1.95E+11,195439119970,B0CSSJC5FF,THE NORTH FACE,no
THE NORTH FACE Printed Class V Mini Womens Shorts Beta Blue Lichen Print Sz L,2940503,3392911,$44.49,1,$44.49,$107.93,$44.49,ANZYNJW9IIF9C,1,B09P8C4PD6,1.96E+11,196010094266,,THE NORTH FACE,no
THE NORTH FACE Short-Sleeve Pride Tee - Women's TNF Black X-Large,2099848,2397767,,,$50.98,$93.22,,-,,B09WLHX166,1.96E+11,196010174364,B0B4V3M52C,THE NORTH FACE,no
"THE NORTH FACE Baby Reversible Perrito Hooded Jacket, TNF Black, 6-12 Months",137793,134101,$77.94,1,$77.94,$89.95,$79.68,A2XZ0K8FIJS0FD,3,B09V6TD6JW,1.96E+11,196013492755,B09BK97WM8,THE NORTH FACE,yes
"THE NORTH FACE Men's Freedom Insulated Pant, Leather Brown, X-Large Regular",153311,505271,$101.46,1,$101.46,$168.95,$101.46,A33F3JQYLVPYQH,2,B09V5RLR8W,1.96E+11,196246351959,B0161QKPPQ,THE NORTH FACE,no
THE NORTH FACE Vectiv Fastpack Mid Futurelight Summit Gold/Asphalt Grey 12.5 D (M),1125696,1311025,$149.00,1,$149.00,$173.25,$164.57,ANZYNJW9IIF9C,1,B0BNXN6RRT,1.96E+11,196246696760,B0CF5NDV9H,THE NORTH FACE,no
"THE NORTH FACE Men's Taraval Spirit, TNF Black/Asphalt Grey, 10",1087708,891313,,,$154.37,$206.75,$157.04,ANZYNJW9IIF9C,1,B09ZDH9NKJ,1.96E+11,196247336047,B0BRBS2X82,THE NORTH FACE,yes
"THE NORTH FACE Men's Taraval Spirit, TNF Black/Asphalt Grey, 10.5",1090421,900171,,,$154.37,$206.75,$157.02,ANZYNJW9IIF9C,1,B09ZDYB37N,1.96E+11,196247336320,B0BRBS2X82,THE NORTH FACE,yes
"THE NORTH FACE Youth Fastpack Hiker Waterproof, Harbor Blue/Wasabi, 6",150525,179014,,,$90.01,$153.51,$93.37,ANZYNJW9IIF9C,1,B09TRYV2QP,1.96E+11,196247386073,B0B82R7DBV,THE NORTH FACE,yes
"THE NORTH FACE Men's Larimer Lace II Shoe, TNF Black/Vintage Khaki, 11",916320,762842,$126.35,1,$126.35,$224.46,$151.33,"A20FLYA0IW2L9O, ANZYNJW9IIF9C",2,B0BTHMZP9L,1.96E+11,196247609103,B0BZ8YPQR8,THE NORTH FACE,no
"THE NORTH FACE Men's Larimer Lace II Shoe, TNF Black/Vintage Khaki, 11.5",913923,762622,$132.96,1,$132.96,$231.37,$156.25,ANZYNJW9IIF9C,1,B0BTHN92ZV,1.96E+11,196247609462,B0BZ8YPQR8,THE NORTH FACE,no
"THE NORTH FACE Women's Sally Insulated Snow Pants, Shady Blue, X-Large Short",127489,578627,$94.90,1,$94.90,$199.92,$106.03,ANZYNJW9IIF9C,1,B09V5SZBB5,1.96E+11,196248021287,B0161RN926,THE NORTH FACE,no
"THE NORTH FACE Women's Sally Insulated Snow Pants, Lavender Fog, X-Large Regular",716815,988956,$94.90,,$94.90,$115.72,$94.90,ANZYNJW9IIF9C,1,B09V5V3MBP,1.96E+11,196248022390,B0CX4CRYJS,THE NORTH FACE,no
"THE NORTH FACE Boys' Zipline DWR Rain Jacket, Meld Grey, Large",983348,695060,,,$103.71,$118.10,$99.64,ANZYNJW9IIF9C,1,B0BGQBG9QT,1.96E+11,196248648156,B0C1HCNDQ5,THE NORTH FACE,no
THE NORTH FACE Short Sleeve Jumbo Half Dome Tee Led Yellow LG,512440,419431,,,$37.63,$49.53,$43.12,ANZYNJW9IIF9C,1,B0BL76MX14,1.96E+11,196249694978,B0CBS8Z1QC,THE NORTH FACE,yes
"THE NORTH FACE Teen Anchor Full Zip Hoodie, Wasabi, Large",221278,478629,$51.72,1,$51.72,$83.71,$64.49,ANZYNJW9IIF9C,1,B0BGQ9RV3C,1.97E+11,196571802041,B0B92T9HG8,THE NORTH FACE,no
"THE NORTH FACE Men's Freedom Snowpant, Almond Butter, Large Regular",131318,148757,$139.96,1,$139.96,$199.95,$142.72,AI815W1WMD729,2,B0C2ZP5L1B,1.97E+11,196573119352,B0CRRB4D64,THE NORTH FACE,yes
"THE NORTH FACE Men's Freedom Insulated Pant, Asphalt Grey 2, Large Regular",157309,102020,,,$218.41,$220.00,$183.66,ANZYNJW9IIF9C,1,B0C2ZJS1R9,1.97E+11,196573119406,B0161QKPPQ,THE NORTH FACE,no
Kate Spade New York Short Sleeve Cropped PJ Set Spade Flower SM,883848,2476512,$76.69,1,$76.69,$129.46,$85.87,-,1,B0C6TQV2Y5,1.97E+11,197117115748,B0CN9WKP2Z,Kate Spade New York,no
Kate Spade New York Modal Span Long PJ Set Lipstick Party SM,1213105,1243648,,,$127.87,$127.87,$89.04,-,1,B0CBYXZMXF,1.97E+11,197117115946,B0CNL28YPM,Kate Spade New York,no
Kate Spade New York Cozy Brushed Jersey Long Sleeve Henley Joggers Set Black Hearts SM,1150783,754093,,,,$134.04,$104.22,-,,B0CFV2QWZD,1.97E+11,197117430933,B0CMXFHLYW,Kate Spade New York,yes